observation_date,unemployment_level,num_losers,discouraged,CPI,CPILFESL,PCEPI,PCE,hourly_earning,UMCSENT_interp,BBKMGDP,FEDFUNDS,nasdaq,IC,CC
1970/1/1,3201,1245,,37.8,39.6,19.377,628.7,3.31,78.63333333,-1.014118792,8.98,,1103571.429,1370161.29
1970/2/1,3453,1403,,38,39.8,19.454,634,3.33,78.1,1.906225478,8.98,,1034000,1421000
1970/3/1,3635,1511,,38.2,40.1,19.502,632.3,3.36,77.2,-1.392509254,7.76,,1190000,1492161.29
1970/4/1,3797,1602,,38.5,40.4,19.601,636,3.36,76.3,-1.604365809,8.1,,1422571.429,1675200
1970/5/1,3919,1829,,38.6,40.5,19.663,642.4,3.37,75.4,2.520264061,7.95,,1356428.571,1828580.645
1970/6/1,4071,1805,,38.8,40.8,19.714,646.3,3.4,76.13333333,5.741429071,7.61,,1261714.286,1851166.667
1970/7/1,4175,1859,,39,40.9,19.786,648.5,3.41,76.86666667,7.467099542,7.21,,1251000,1885580.645
1970/8/1,4256,1944,,39,41.1,19.838,652.9,3.44,77.6,1.222761116,6.62,,1295857.143,1950903.226
1970/9/1,4456,2078,,39.2,41.3,19.927,659.1,3.45,75.86666667,-5.837982106,6.29,,1381428.571,2074633.333
1970/10/1,4591,2233,,39.4,41.5,20.026,658.3,3.45,74.13333333,-11.54969938,6.2,,1468000,2220677.419
1970/11/1,4898,2341,,39.6,41.8,20.105,656.6,3.47,72.4,-4.348964669,5.6,,1389000,2298166.667
1970/12/1,5076,2396,,39.8,42,20.194,665.6,3.5,74.3,15.01898323,4.9,,1352428.571,2188322.581
1971/1/1,4986,2331,,39.8,42.1,20.237,676.1,3.53,76.2,15.80307098,4.14,,1319857.143,2101000
1971/2/1,4903,2333,,39.9,42.2,20.296,679.4,3.55,78.1,10.27433533,3.72,100.9633333,1136142.857,2100428.571
1971/3/1,4987,2236,,40,42.2,20.363,682,3.56,78.8,2.798524073,3.71,104.4704348,1303428.571,2138483.871
1971/4/1,4959,2321,,40.1,42.4,20.443,688.8,3.58,79.5,-0.704819632,4.16,109.5552381,1227714.286,2148966.667
1971/5/1,4996,2344,,40.3,42.6,20.528,691.1,3.61,80.2,0.423997334,4.63,109.5705,1298428.571,2174741.935
1971/6/1,4949,2283,,40.6,42.8,20.619,699.8,3.62,80.83333333,4.851557254,4.91,108.5677273,1258285.714,2176833.333
1971/7/1,5035,2331,,40.7,42.9,20.681,698.9,3.63,81.46666667,3.460380251,5.31,109.3033333,1307714.286,2123225.806
1971/8/1,5134,2416,,40.8,43,20.741,704.9,3.66,82.1,3.198939581,5.57,106.5131818,1454857.143,2191419.355
1971/9/1,5042,2358,,40.8,43,20.772,713,3.67,82.06666667,2.572160911,5.55,109.5238095,1340714.286,2236500
1971/10/1,4954,2270,,40.9,43.1,20.804,715.8,3.68,82.03333333,-2.138510234,5.2,108.41,1317428.571,2202741.935
1971/11/1,5161,2376,,40.9,43.2,20.847,720.9,3.7,82,0.697642168,4.91,103.5852381,1233142.857,2140933.333
1971/12/1,5154,2300,,41.1,43.3,20.929,728.4,3.73,85.6,5.083103309,4.14,109.8081818,1203000,2054483.871
1972/1/1,5019,2238,,41.1,43.5,21.015,731.5,3.8,89.2,8.974795793,3.51,116.5433333,1195714.286,1922258.065
1972/2/1,4928,2117,,41.3,43.6,21.098,736.2,3.82,92.8,8.22240642,3.3,122.6645,1085285.714,1923275.862
1972/3/1,5038,2137,,41.4,43.6,21.128,749.2,3.84,91.4,11.29600953,3.83,127.5481818,1162000,1900903.226
1972/4/1,4959,2055,,41.5,43.8,21.16,752.5,3.86,90,10.4196543,4.17,131.8145,1132571.429,1882933.333
1972/5/1,4922,2222,,41.6,43.9,21.207,758,3.88,88.6,7.146456355,4.27,130.4963636,1183142.857,1872322.581
1972/6/1,4923,2149,,41.7,44,21.239,761.6,3.88,90.8,4.464964123,4.46,130.9790909,1242142.857,1878433.333
1972/7/1,4913,2170,,41.9,44.1,21.315,769.9,3.9,93,0.741206374,4.55,129.1825,1259428.571,1946548.387
1972/8/1,4939,2224,,42,44.3,21.377,776.3,3.92,95.2,5.33154151,4.81,130.6186957,1126857.143,1814548.387
1972/9/1,4849,2120,,42.1,44.3,21.473,781.1,3.94,93.7,4.874437976,4.87,128.284,1096714.286,1792033.333
1972/10/1,4875,2021,,42.3,44.4,21.497,794.9,3.97,92.2,6.416583307,5.05,128.395,1113285.714,1750451.613
1972/11/1,4602,1918,,42.4,44.4,21.561,800.5,3.99,90.7,7.946713483,5.06,132.6745,1055142.857,1723666.667
1972/12/1,4543,1886,,42.5,44.6,21.63,806.1,4,87.76666667,9.516330808,5.33,133.3121053,1082857.143,1695096.774
1973/1/1,4326,1791,,42.6,44.6,21.695,816.5,4.03,84.83333333,10.59496824,5.94,133.5290476,1012000,1618129.032
1973/2/1,4452,1733,,42.9,44.8,21.809,825.8,4.05,81.9,10.92788687,6.58,124.4968421,886285.7143,1586071.429
1973/3/1,4394,1678,,43.3,45,21.964,832.8,4.06,80.26666667,7.379182056,7.09,119.5827273,1007428.571,1568838.71
1973/4/1,4459,1663,,43.6,45.1,22.127,835.7,4.09,78.63333333,3.797283755,7.12,112.95,1026857.143,1554166.667
1973/5/1,4329,1633,,43.9,45.3,22.236,841.6,4.1,77,2.182016712,7.84,106.3709091,1055857.143,1558677.419
1973/6/1,4363,1707,,44.2,45.4,22.363,844.3,4.12,75.33333333,-2.436582951,8.49,101.7528571,1028285.714,1569066.667
1973/7/1,4305,1631,,44.3,45.5,22.444,854.1,4.15,73.66666667,-4.104236093,10.4,104.6861905,1080714.286,1604774.194
1973/8/1,4305,1661,,45.1,45.7,22.703,853.3,4.16,72,-3.778007031,10.5,104.3895652,1130714.286,1670967.742
1973/9/1,4350,1686,,45.2,46,22.793,869.2,4.2,73.5,3.582681361,10.78,107.6426316,1060285.714,1667600
1973/10/1,4144,1510,,45.6,46.3,22.922,868.2,4.21,75,8.503150928,10.01,112.3573913,1072857.143,1665096.774
1973/11/1,4396,1736,,45.9,46.5,23.11,876.9,4.24,76.5,5.019802989,10.03,101.2919048,1093857.143,1708133.333
1973/12/1,4489,1815,,46.2,46.7,23.3,876.6,4.25,71.6,-4.94282723,9.95,90.7925,1277428.571,1790935.484
1974/1/1,4644,2040,,46.6,46.9,23.523,884.5,4.27,66.7,-6.578014063,9.65,94.20909091,1359857.143,1959451.613
1974/2/1,4731,2039,,47.2,47.2,23.797,889.7,4.29,61.8,-3.940632053,8.97,92.20368421,1273285.714,2022428.571
1974/3/1,4634,1985,,47.8,47.6,24.073,901.4,4.32,65.23333333,1.440907981,9.35,94.9652381,1385285.714,2061677.419
1974/4/1,4618,1993,,48,47.9,24.243,910.8,4.33,68.66666667,2.568143296,10.51,89.58904762,1252714.286,2065000
1974/5/1,4705,1927,,48.6,48.5,24.482,922.4,4.4,72.1,3.069976416,11.31,83.39727273,1305285.714,2056612.903
1974/6/1,4927,1986,,49,49,24.69,928,4.44,69.53333333,-4.234563765,11.93,81.0015,1334142.857,2078433.333
1974/7/1,5063,2090,,49.4,49.5,24.872,937.9,4.45,66.96666667,-6.235785629,12.92,72.435,1385000,2124677.419
1974/8/1,5022,2118,,50,50.2,25.132,954.8,4.49,64.4,-5.067611405,12.01,66.58227273,1515571.429,2177258.065
1974/9/1,5437,2326,,50.6,50.7,25.393,955.1,4.53,62.76666667,0.034105234,11.34,58.642,1549000,2284866.667
1974/10/1,5523,2406,,51.1,51.2,25.575,959.2,4.56,61.13333333,2.363426217,10.06,60.57521739,1771000,2482580.645
1974/11/1,6140,2894,,51.5,51.6,25.767,956.2,4.57,59.5,-3.601844185,9.45,63.9425,1998000,2833700
1974/12/1,6636,3261,,51.9,52,25.971,961.8,4.6,58.86666667,-8.888613752,8.53,59.16190476,2291428.571,3316677.419
1975/1/1,7501,3934,,52.1,52.3,26.132,975.6,4.61,58.23333333,-3.62481871,7.13,64.45727273,2423714.286,3648548.387
1975/2/1,7520,4049,,52.5,52.8,26.274,989.4,4.64,57.6,-4.574294795,6.24,72.08315789,2166857.143,3917571.429
1975/3/1,7978,4335,,52.7,53,26.363,990.6,4.67,62.66666667,-2.74442121,5.54,75.057,2418428.571,4220967.742
1975/4/1,8210,4590,,52.9,53.3,26.452,995,4.67,67.73333333,5.91037009,5.49,76.975,2236142.857,4493933.333
1975/5/1,8433,4879,,53.2,53.5,26.558,1018.9,4.69,72.8,5.821199466,5.22,81.84761905,2205428.571,4574870.968
1975/6/1,8220,4812,,53.6,53.8,26.724,1026.8,4.72,73.76666667,6.342514109,5.55,84.64142857,2102857.143,4368033.333
1975/7/1,8127,4623,,54.2,54,26.953,1039.8,4.74,74.73333333,7.887175857,6.1,85.62,1971428.571,4117741.935
1975/8/1,7928,4483,,54.3,54.2,27.07,1047,4.78,75.7,6.58352186,6.14,78.40761905,1999571.429,3944870.968
1975/9/1,7923,4668,,54.6,54.5,27.204,1054.8,4.79,75.66666667,5.767817264,6.24,75.9147619,1899714.286,3889833.333
1975/10/1,7897,4359,,54.9,54.8,27.362,1060.9,4.82,75.63333333,3.916795877,5.82,77.25826087,1857285.714,3693967.742
1975/11/1,7794,4213,,55.3,55.2,27.538,1075.8,4.86,75.6,4.38205053,5.22,78.04052632,1701428.571,3466433.333
1975/12/1,7744,3957,,55.5,55.5,27.69,1092.1,4.87,78.6,9.535840057,5.2,75.90818182,1650571.429,3196000
1976/1/1,7534,3749,,55.6,55.9,27.795,1107.1,4.9,81.6,12.07954622,4.87,83.37714286,1649142.857,3012129.032
1976/2/1,7326,3588,,55.8,56.2,27.831,1107.7,4.93,84.6,8.306325251,4.77,89.30210526,1442714.286,2865310.345
1976/3/1,7230,3644,,55.9,56.5,27.873,1114.9,4.95,84.16666667,3.767996064,4.84,90.24130435,1609428.571,2844741.935
1976/4/1,7330,3658,,56.1,56.7,27.936,1125.4,4.98,83.73333333,1.846395029,4.82,90.14142857,1593857.143,2887566.667
1976/5/1,7053,3580,,56.5,57,28.069,1122.7,5.01,83.3,1.413160982,5.29,89.291,1737142.857,2943064.516
1976/6/1,7322,3726,,56.8,57.2,28.192,1140.5,5.03,85.43333333,2.111067609,5.48,88.76681818,1691000,2986600
1976/7/1,7490,3755,,57.1,57.6,28.335,1149.6,5.06,87.56666667,2.544146636,5.31,91.44761905,1728857.143,3000677.419
1976/8/1,7518,3671,,57.4,57.9,28.491,1158,5.11,89.7,2.07858248,5.29,90.87090909,1734428.571,3012612.903
1976/9/1,7380,3649,,57.6,58.2,28.651,1168.8,5.14,88.8,2.244969158,5.25,91.40571429,1741000,3083866.667
1976/10/1,7430,3604,,57.9,58.5,28.801,1176.8,5.16,87.9,0.839078755,5.02,89.5,1809285.714,3090774.194
1976/11/1,7620,3685,,58,58.7,28.932,1189,5.21,87,5.315567403,4.95,89.5315,1674571.429,3048800
1976/12/1,7545,3745,,58.2,58.9,29.094,1211.5,5.23,87.03333333,6.213323458,4.65,94.55181818,1648428.571,2896258.065
1977/1/1,7280,3355,,58.5,59.3,29.263,1215,5.26,87.06666667,0.347195789,4.61,96.89809524,1844714.286,2837290.323
1977/2/1,7443,3547,,59.1,59.7,29.492,1231.3,5.3,87.1,7.866577632,4.68,96.09,1744714.286,2831928.571
1977/3/1,7307,3353,,59.5,60,29.64,1238.3,5.32,88.13333333,7.921645601,4.69,95.70130435,1587857.143,2694129.032
1977/4/1,7059,3166,,60,60.3,29.812,1247.3,5.36,89.16666667,6.869878976,4.73,95.0045,1587000,2673900
1977/5/1,6911,3104,,60.3,60.6,29.963,1257.1,5.4,90.2,7.69850735,5.35,96.9447619,1676571.429,2633064.516
1977/6/1,7134,3082,,60.7,61,30.131,1263.6,5.42,89.8,9.542644095,5.39,97.86545455,1539428.571,2608300
1977/7/1,6829,3051,,61,61.2,30.287,1280.5,5.46,89.4,8.228445655,5.42,101.3489474,1611000,2585483.871
1977/8/1,6925,3154,,61.2,61.5,30.428,1285.7,5.48,89,5.731244597,5.9,100.5795652,1628714.286,2605580.645
1977/9/1,6751,3078,,61.4,61.8,30.543,1294.5,5.51,87.46666667,1.408463037,6.14,100.4133333,1559571.429,2590666.667
1977/10/1,6763,2997,,61.6,62,30.685,1311.4,5.55,85.93333333,-1.288421778,6.47,99.24714286,1601285.714,2572225.806
1977/11/1,6815,2990,,61.9,62.3,30.861,1327,5.58,84.4,-1.731639451,6.51,100.6919048,1519142.857,2562266.667
1977/12/1,6386,2793,,62.1,62.7,31.011,1336,5.61,84.05,-1.166486375,6.56,103.7104762,1588285.714,2507258.065
1978/1/1,6489,2824,,62.5,63.1,31.194,1329.5,5.66,83.7,-6.230916249,6.7,100.7804762,1558285.714,2491032.258
1978/2/1,6318,2698,,62.9,63.4,31.339,1355.1,5.69,84.3,8.598669226,6.78,102.4447368,1530857.143,2562035.714
1978/3/1,6337,2664,,63.4,63.8,31.542,1377.5,5.73,78.8,17.07290176,6.79,104.01,1529285.714,2487870.968
1978/4/1,6180,2621,,63.9,64.3,31.781,1396.4,5.79,81.6,20.75122541,6.89,110.7685,1392285.714,2325466.667
1978/5/1,6127,2593,,64.5,64.7,32.008,1412,5.82,82.9,12.17434032,7.36,119.0772727,1437428.571,2230064.516
1978/6/1,6028,2407,,65.2,65.2,32.217,1425.8,5.86,80,7.13235837,7.6,122.0118182,1418142.857,2225500
1978/7/1,6309,2566,,65.7,65.6,32.393,1426.8,5.9,82.4,-0.084231261,7.81,122.119,1557000,2332258.065
1978/8/1,6080,2509,,66,66.1,32.557,1447,5.92,78.4,2.836807134,8.04,132.54,1514285.714,2388193.548
1978/9/1,6125,2417,,66.5,66.7,32.742,1452.9,5.97,80.4,4.168739951,8.45,135.2345,1389428.571,2258766.667
1978/10/1,5947,2500,,67.1,67.2,33.003,1466.9,6.02,79.3,7.131741489,8.96,127.6777273,1448857.143,2226387.097
1978/11/1,6077,2454,,67.4,67.6,33.19,1480.6,6.05,75,6.228801625,9.76,114.122381,1455428.571,2231366.667
1978/12/1,6228,2569,,67.7,68,33.345,1496.5,6.1,66.1,3.071568794,10.03,117.2485,1560000,2295387.097
1979/1/1,6109,2596,,68.3,68.5,33.597,1502.4,6.13,72.1,-2.78370495,10.07,123.7181818,1577571.429,2386709.677
1979/2/1,6173,2648,,69.1,69.2,33.776,1517.8,6.18,73.9,-0.335957019,10.06,124.5489474,1438000,2419964.286
1979/3/1,6109,2583,,69.8,69.8,34.04,1531.2,6.22,68.4,3.072329579,10.09,128.0804545,1587142.857,2377387.097
1979/4/1,6069,2606,,70.6,70.3,34.395,1538.4,6.21,66,-5.406664404,10.01,133.4455,1762857.143,2391400
1979/5/1,5840,2328,,71.5,70.8,34.751,1558.8,6.27,68.1,5.607317033,10.24,131.3486364,1531142.857,2257258.065
1979/6/1,5959,2354,,72.3,71.3,35.038,1575.7,6.32,65.8,3.073718105,10.29,135.6395238,1560000,2250200
1979/7/1,5996,2566,,73.1,71.9,35.305,1586.1,6.36,60.4,3.39987878,10.47,138.5804762,1693571.429,2364645.161
1979/8/1,6320,2758,,73.8,72.7,35.575,1615.6,6.4,64.5,1.942761974,10.94,146.6856522,1731857.143,2459774.194
1979/9/1,6190,2647,,74.6,73.3,35.889,1633.9,6.45,66.7,0.78874474,11.43,149.2036842,1654428.571,2424233.333
1979/10/1,6296,2801,,75.2,74,36.182,1641.6,6.46,62.1,0.882946592,13.77,140.5265217,1775857.143,2502193.548
1979/11/1,6238,2833,,75.9,74.8,36.433,1657.3,6.51,63.3,0.178639885,13.18,138.7828571,1783857.143,2626066.667
1979/12/1,6325,2854,,76.7,75.7,36.739,1666.3,6.56,61,2.43743367,13.78,148.7485,1897000,2702193.548
1980/1/1,6683,3203,,77.8,76.7,37.124,1697.3,6.57,67,4.427555735,13.82,155.1409091,1833000,2797129.032
1980/2/1,6702,3153,,78.9,77.5,37.526,1701.4,6.63,66.9,0.039878839,14.13,161.644,1734000,2865034.483
1980/3/1,6729,3225,,80.1,78.6,37.987,1708.2,6.69,56.5,-7.070843217,17.19,141.1004762,1951000,2895741.935
1980/4/1,7358,3714,,81,79.5,38.185,1695.2,6.72,52.7,-11.72999323,17.61,136.2866667,2313285.714,3162133.333
1980/5/1,7984,4145,,81.8,80.1,38.482,1700.1,6.76,51.7,-10.80504545,10.98,145.6847619,2752142.857,3572000
1980/6/1,8098,4330,,82.7,81,38.725,1718.8,6.82,58.7,-4.064187178,9.47,155.4290476,2593428.571,3831866.667
1980/7/1,8363,4618,,82.7,80.8,39.026,1747.1,6.86,62.3,0.410049593,9.03,166.9259091,2478000,3837838.71
1980/8/1,8281,4464,,83.3,81.3,39.351,1763.8,6.91,67.3,3.238684118,9.61,177.7290476,2307571.429,3804354.839
1980/9/1,8021,4386,,84,82.1,39.715,1780.5,6.95,73.7,6.917524878,10.87,189.4857143,2056000,3691200
1980/10/1,8088,4251,,84.8,83,40.033,1817.1,7.02,75,7.101716544,12.81,195.7578261,1913142.857,3513064.516
1980/11/1,8023,4213,,85.5,83.9,40.359,1826.8,7.09,76.7,8.407566426,15.85,200.6855556,1763285.714,3278666.667
1980/12/1,7718,4156,,86.3,84.9,40.621,1851.7,7.13,64.5,11.35774305,18.9,198.3986364,1814857.143,3123258.065
1981/1/1,8071,4034,,87,85.4,41.011,1870,7.18,71.4,11.04182525,19.08,198.817619,1830714.286,3027258.065
1981/2/1,8051,4136,,87.9,85.9,41.426,1884.2,7.23,66.9,4.253852285,15.93,194.8521053,1715000,2978000
1981/3/1,7982,4003,,88.5,86.4,41.715,1902.9,7.29,66.5,-2.921152974,14.7,203.5931818,1808714.286,2896903.226
1981/4/1,7869,3968,,89.1,87,41.897,1904.4,7.33,72.4,-6.733069177,15.72,215.12,1757285.714,2869700
1981/5/1,8174,4058,,89.8,87.8,42.085,1913.8,7.37,76.3,-4.195708768,18.52,216.5435,1848142.857,2896677.419
1981/6/1,8098,4129,,90.6,88.6,42.253,1934.5,7.41,73.1,3.389744534,19.1,220.0404545,1868000,2902400
1981/7/1,7863,3939,,91.6,89.8,42.508,1942.1,7.45,74.1,9.303781308,19.04,209.7209091,1933857.143,2879612.903
1981/8/1,8036,4168,,92.3,90.7,42.774,1966.6,7.52,77.2,6.365139711,17.82,206.6261905,1978142.857,2961935.484
1981/9/1,8230,4345,,93.2,91.8,43.033,1965.5,7.56,73.1,-0.351930169,15.87,185.372381,2037285.714,3027066.667
1981/10/1,8646,4444,,93.4,92.1,43.228,1963.9,7.59,70.3,-5.737125914,15.08,190.2013636,2184571.429,3134483.871
1981/11/1,9029,4780,,93.7,92.5,43.46,1970.6,7.63,62.5,-8.433983782,13.31,199.229,2206428.571,3349233.333
1981/12/1,9267,5216,,94,93,43.594,1988.8,7.64,64.3,-11.00473395,12.37,197.1495455,2398142.857,3525419.355
1982/1/1,9397,5346,,94.3,93.3,43.853,1997.1,7.72,71,-11.37770366,13.22,187.6785,2401857.143,3538000
1982/2/1,9705,5273,,94.6,93.8,43.985,2021.2,7.72,66.5,3.655184314,14.78,182.6284211,2135000,3555571.429
1982/3/1,9895,5648,,94.5,93.9,44.098,2024.1,7.75,62,0.865105697,14.68,173.283913,2476857.143,3665000
1982/4/1,10244,5899,,94.9,94.7,44.12,2026.3,7.77,65.5,2.151850524,14.94,181.8442857,2511428.571,3902866.667
1982/5/1,10335,5933,,95.8,95.4,44.382,2044.5,7.84,67.5,3.017193288,14.45,184.607,2599857.143,4004548.387
1982/6/1,10538,6207,,97,96.1,44.704,2048.1,7.85,65.7,-1.480898874,14.15,172.075,2566285.714,4100233.333
1982/7/1,10849,6377,,97.5,96.7,44.969,2072.2,7.9,65.4,-2.147677024,12.59,169.6252381,2537142.857,4096548.387
1982/8/1,10881,6388,,97.7,97.1,45.108,2080.1,7.94,65.4,-3.814294583,10.12,167.3827273,2797000,4269516.129
1982/9/1,11217,6870,,97.9,97.2,45.233,2104.6,7.94,69.3,0.236115185,10.31,185.0928571,2860428.571,4491800
1982/10/1,11529,7260,,98.2,97.5,45.487,2125.8,7.96,73.4,-0.583799573,9.71,203.8619048,2849714.286,4643677.419
1982/11/1,11938,7372,,98,97.3,45.624,2149.3,7.98,72.1,2.125943013,9.2,226.9704762,2531571.429,4588066.667
1982/12/1,12051,7162,,97.6,97.2,45.693,2161.6,8.01,71.9,2.271253674,8.95,233.0304545,2314000,4313967.742
1983/1/1,11534,6836,,97.8,97.6,45.906,2174,8.06,70.4,8.316048638,8.68,241.4780952,2190428.571,3898677.419
1983/2/1,11545,6862,,97.9,98,45.984,2177,8.09,74.6,3.091994712,8.51,256.0584211,1953285.714,3853535.714
1983/3/1,11408,6845,,97.9,98.2,46.043,2202.8,8.1,80.8,9.354924996,8.77,266.4521739,2130285.714,3764225.806
1983/4/1,11268,6738,,98.6,98.6,46.253,2226.4,8.13,89.1,9.96845503,8.8,279.528,2129285.714,3760400
1983/5/1,11154,6769,,99.2,98.9,46.384,2245.9,8.17,93.3,9.881467299,8.63,302.4380952,2068714.286,3616870.968
1983/6/1,11246,6555,,99.5,99.2,46.557,2276,8.19,92.2,9.534836525,8.98,319.3490909,1881714.286,3410166.667
1983/7/1,10548,6198,,99.9,99.8,46.82,2304.4,8.22,92.8,6.9557294,9.37,316.094,1797857.143,3178935.484
1983/8/1,10623,6150,,100.2,100.1,47.02,2320.4,8.2,90.9,5.873914579,9.56,296.873913,1918571.429,3099193.548
1983/9/1,10282,5913,,100.7,100.5,47.185,2334.9,8.27,89.9,9.644023741,9.45,300.37,1754142.857,2984400
1983/10/1,9887,5514,,101,101,47.265,2357.6,8.31,89.3,8.679327406,9.48,286.7228571,1769857.143,2888451.613
1983/11/1,9499,5250,,101.2,101.5,47.332,2366.3,8.31,91.1,7.749629681,9.34,278.6666667,1665714.286,2783500
1983/12/1,9331,5102,,101.3,101.8,47.358,2393.6,8.33,94.2,7.654902529,9.47,278.6557143,1635428.571,2709000
1984/1/1,9008,4823,,101.9,102.5,47.564,2419.4,8.38,100.1,8.808688023,9.56,282.0042857,1550571.429,2547483.871
1984/2/1,8791,4736,,102.4,102.8,47.884,2403.5,8.38,97.4,7.201508659,9.59,254.3865,1408714.286,2459206.897
1984/3/1,8746,4604,,102.6,103.2,48.041,2431.6,8.41,101,5.78115426,9.91,251.25,1530714.286,2422258.065
1984/4/1,8762,4521,,103.1,103.7,48.224,2457.5,8.45,96.1,7.452816143,10.29,245.207,1581285.714,2422766.667
1984/5/1,8456,4335,,103.4,104.1,48.285,2474.5,8.45,98.1,7.372847057,10.32,245.2431818,1590285.714,2381129.032
1984/6/1,8226,4245,,103.7,104.5,48.371,2495.6,8.48,95.5,5.83451011,11.06,238.5161905,1553428.571,2357300
1984/7/1,8537,4484,,104.1,105,48.544,2494.6,8.51,96.6,3.031087363,11.23,232.4038095,1605714.286,2350967.742
1984/8/1,8519,4248,,104.5,105.4,48.693,2512.2,8.51,99.1,2.463011172,11.64,250.346087,1724285.714,2395645.161
1984/9/1,8367,4193,,105,105.8,48.759,2533.8,8.55,100.9,1.479055542,11.3,252.0047368,1704571.429,2440433.333
1984/10/1,8381,4287,,105.3,106.2,48.874,2531.3,8.55,96.3,3.264992721,9.99,247.153913,1861142.857,2533193.548
1984/11/1,8198,4157,,105.3,106.4,48.943,2571.4,8.57,95.7,5.143621772,9.43,246.3980952,1730000,2574033.333
1984/12/1,8358,4250,,105.3,106.8,49.081,2582.6,8.61,92.9,3.909045775,8.38,241.912,1689714.286,2553451.613
1985/1/1,8423,4269,,105.5,107.1,49.326,2618.8,8.61,96,3.47766217,8.35,260.7986364,1653285.714,2562483.871
1985/2/1,8321,4221,,106,107.7,49.555,2640.8,8.64,93.7,3.635413039,8.5,285.5210526,1558428.571,2612607.143
1985/3/1,8339,4128,,106.4,108.1,49.749,2648.5,8.66,93.7,4.040801145,8.58,280.7966667,1694714.286,2563483.871
1985/4/1,8395,4225,,106.9,108.4,49.821,2659.5,8.69,94.6,1.826290282,8.27,280.8947619,1702285.714,2579400
1985/5/1,8302,3905,,107.3,108.8,49.939,2696.4,8.7,91.8,4.956218845,7.97,287.4604545,1740714.286,2564548.387
1985/6/1,8460,4130,,107.6,109.1,50.075,2689.4,8.74,96.5,4.464089266,7.53,290.4375,1681571.429,2545866.667
1985/7/1,8513,4306,,107.8,109.4,50.198,2715.7,8.74,94,6.844235903,7.88,302.0427273,1689142.857,2537193.548
1985/8/1,8196,4161,,108,109.8,50.364,2752.1,8.76,92.4,8.1163534,7.9,298.2472727,1789428.571,2568354.839
1985/9/1,8248,4141,,108.3,110,50.449,2794.7,8.8,92.1,3.902435203,7.92,287.9331579,1749714.286,2585600
1985/10/1,8298,4068,,108.7,110.5,50.533,2755.8,8.79,88.4,0.194820738,7.99,285.3582609,1791571.429,2636774.194
1985/11/1,8128,4102,,109,111.1,50.68,2771.1,8.81,90.9,2.865619796,8.05,304.3525,1682714.286,2617233.333
1985/12/1,8138,4002,,109.3,111.4,50.85,2811.3,8.87,93.9,4.441596703,8.27,320.232381,1696142.857,2648612.903
1986/1/1,7795,3756,,109.6,111.9,51.084,2827.1,8.85,95.6,6.676189364,8.14,328.5209091,1623857.143,2581161.29
1986/2/1,8402,4131,,109.3,112.2,51.084,2820.2,8.88,95.9,0.786909881,7.86,348.7863158,1487428.571,2576857.143
1986/3/1,8383,4189,,108.8,112.5,50.972,2823.6,8.89,95.1,0.091651102,7.48,368.2315,1693428.571,2600193.548
1986/4/1,8364,4023,,108.6,112.9,50.868,2835.2,8.88,96.2,3.060498658,6.99,382.5413636,1658142.857,2615833.333
1986/5/1,8439,4213,,108.9,113.1,50.961,2857.5,8.9,94.8,1.575500767,6.85,388.4871429,1706000,2671129.032
1986/6/1,8508,4297,,109.5,113.4,51.151,2861.7,8.92,99.3,2.872849051,6.92,398.5952381,1588000,2637266.667
1986/7/1,8319,4077,,109.5,113.8,51.164,2881.2,8.91,97.7,4.964880429,6.56,385.8854545,1639142.857,2600032.258
1986/8/1,8135,3888,,109.7,114.2,51.228,2898.6,8.94,94.9,3.79482268,6.17,375.6171429,1797000,2670548.387
1986/9/1,8310,4069,,110.2,114.6,51.396,2971.8,8.94,91.9,4.480293788,5.89,358.2933333,1692428.571,2712666.667
1986/10/1,8243,4030,,110.3,115,51.488,2932.9,8.96,95.6,-0.071623669,5.85,355.0326087,1677428.571,2698741.935
1986/11/1,8159,3920,,110.4,115.3,51.58,2928.4,9.01,91.4,1.043506935,6.04,358.0789474,1555857.143,2627866.667
1986/12/1,7883,3880,,110.5,115.6,51.651,2997.1,9.01,89.1,4.634216673,6.91,354.9213636,1565714.286,2571645.161
1987/1/1,7892,3908,,111.2,115.9,51.894,2935.5,9.02,90.4,-1.35826322,6.43,384.2271429,1543428.571,2502387.097
1987/2/1,7865,3820,,111.6,116.2,52.076,3001.7,9.05,90.2,8.192879904,6.1,411.7126316,1395000,2472000
1987/3/1,7862,3803,,112.1,116.6,52.214,3013.3,9.07,90.8,3.995329298,6.13,432.2045455,1474428.571,2434354.839
1987/4/1,7542,3700,,112.7,117.3,52.409,3038.8,9.08,92.8,4.312200826,6.37,422.7714286,1439285.714,2385733.333
1987/5/1,7574,3601,,113.1,117.7,52.542,3048.4,9.11,91.1,3.609448303,6.85,416.634,1466142.857,2325451.613
1987/6/1,7398,3619,,113.5,117.9,52.741,3072.8,9.11,91.5,2.271824131,6.73,423.6959091,1381857.143,2269066.667
1987/7/1,7268,3521,,113.8,118.3,52.863,3094.7,9.12,93.7,2.872593705,6.58,429.0068182,1435571.429,2205645.161
1987/8/1,7261,3380,,114.4,118.7,53.072,3130.8,9.18,94.4,3.29917248,6.73,448.3847619,1420000,2202064.516
1987/9/1,7102,3329,,115,119.2,53.251,3126.5,9.19,93.6,7.687735281,7.22,442.7985714,1320714.286,2195433.333
1987/10/1,7227,3502,,115.3,119.8,53.42,3134.5,9.22,89.3,9.425525694,7.29,385.0536364,1328000,2033354.839
1987/11/1,7035,3287,,115.4,120.1,53.521,3144.2,9.27,83.1,5.800800038,6.69,318.753,1318142.857,2085100
1987/12/1,6936,3171,,115.4,120.4,53.62,3174.1,9.28,86.8,2.730063019,6.77,314.5381818,1408857.143,2111741.935
1988/1/1,6953,3141,,115.7,120.9,53.828,3213.7,9.29,90.8,-1.430627492,6.83,339.279,1498428.571,2202580.645
1988/2/1,6929,3176,,116,121.2,53.908,3221.4,9.29,91.6,2.908081276,6.58,353.578,1317285.714,2140551.724
1988/3/1,6876,3148,,116.5,121.7,54.093,3260.5,9.31,94.6,5.786233025,6.58,375.5430435,1355000,2105548.387
1988/4/1,6601,2899,,117.1,122.3,54.356,3263,9.36,91.2,6.428277479,6.87,377.2355,1340285.714,2080400
1988/5/1,6779,3223,,117.5,122.7,54.514,3293.6,9.41,94.8,4.782798569,7.09,371.8809524,1387857.143,2065064.516
1988/6/1,6546,3119,,118,123.2,54.746,3318.5,9.41,94.7,3.669123284,7.51,385.9818182,1318000,2041966.667
1988/7/1,6605,3111,,118.5,123.6,55.012,3342.7,9.45,93.4,0.449336874,7.75,391.4015,1435285.714,2071225.806
1988/8/1,6843,3105,,119,124,55.175,3368,9.46,97.4,1.874311245,8.01,379.6065217,1388714.286,2087967.742
1988/9/1,6604,3102,,119.8,124.7,55.444,3375,9.51,97.3,3.811125872,8.19,382.1566667,1293428.571,2066766.667
1988/10/1,6568,3034,,120.2,125.2,55.625,3413.7,9.56,94.1,6.426882474,8.3,385.0085714,1288142.857,2003096.774
1988/11/1,6537,3005,,120.3,125.6,55.754,3430.2,9.58,93,6.038868782,8.35,372.8914286,1250857.143,1987300
1988/12/1,6518,3041,,120.5,126,55.928,3459.7,9.6,91.9,6.79710368,8.76,375.7828571,1295714.286,2050258.065
1989/1/1,6682,3075,,121.1,126.5,56.215,3483.7,9.65,97.9,4.286722238,9.12,389.3209524,1282428.571,2062258.065
1989/2/1,6359,2858,,121.6,126.9,56.402,3488,9.68,95.4,0.627886036,9.36,404.0821053,1230857.143,2117607.143
1989/3/1,6205,2847,,122.3,127.4,56.612,3498.8,9.7,94.3,2.64915372,9.85,403.9959091,1425571.429,2130774.194
1989/4/1,6468,2912,,123.1,127.8,56.989,3543,9.75,91.5,4.373736597,9.84,417.13,1327857.143,2094833.333
1989/5/1,6375,2755,,123.8,128.3,57.197,3551.8,9.74,90.7,2.396823363,9.81,435.9931818,1438000,2096677.419
1989/6/1,6577,2808,,124.1,128.8,57.322,3566.6,9.77,90.6,3.538019685,9.53,447.5827273,1445428.571,2125566.667
1989/7/1,6495,2950,,124.4,129.2,57.459,3585.7,9.83,92,1.859165528,9.24,446.6965,1505428.571,2192032.258
1989/8/1,6511,2977,,124.6,129.5,57.466,3620.6,9.83,89.6,5.867429795,8.99,461.8278261,1476428.571,2204064.516
1989/9/1,6590,2931,,125,129.9,57.594,3621.9,9.87,95.8,-0.229736877,9.02,469.2785,1445000,2210433.333
1989/10/1,6630,3026,,125.6,130.6,57.819,3633.6,9.92,93.9,-1.684383271,8.84,469.6809091,1595714.286,2280903.226
1989/11/1,6725,3120,,125.9,131.1,57.945,3643.3,9.93,90.9,1.616961547,8.55,454.6971429,1450000,2283166.667
1989/12/1,6667,3119,,126.1,131.6,58.113,3684.2,9.98,90.5,3.517728823,8.45,449.0145,1581000,2289258.065
1990/1/1,6752,3182,,127.4,132.1,58.553,3730.7,10.02,93,5.138272969,8.23,439.3504545,1603571.429,2356193.548
1990/2/1,6651,3045,,128,132.7,58.811,3728.2,10.07,89.5,5.787783729,8.24,424.5242105,1423285.714,2357000
1990/3/1,6598,3076,,128.7,133.5,59.033,3754.9,10.11,91.3,3.480574359,8.28,436.0904545,1525428.571,2361064.516
1990/4/1,6797,3161,,128.9,134,59.157,3770,10.12,93.9,-1.333102983,8.26,428.993,1548142.857,2379833.333
1990/5/1,6742,3169,,129.2,134.4,59.29,3775.8,10.16,90.6,1.223711633,8.18,442.5981818,1582714.286,2393612.903
1990/6/1,6590,3190,,129.9,135.1,59.552,3804.5,10.2,88.3,1.857266069,8.29,462.3061905,1549142.857,2426766.667
1990/7/1,6922,3313,,130.4,135.8,59.699,3821.7,10.22,88.2,-0.105144517,8.15,455.8242857,1626142.857,2470612.903
1990/8/1,7188,3486,,131.6,136.6,60.096,3848.3,10.24,76.4,0.456886932,8.13,396.3226087,1714857.143,2527516.129
1990/9/1,7368,3603,,132.7,137.1,60.465,3870.1,10.27,72.8,-3.14544667,8.2,368.5663158,1691714.286,2599533.333
1990/10/1,7459,3723,,133.5,137.6,60.811,3870.6,10.3,63.9,-4.19478819,8.11,338.0134783,1889000,2735870.968
1990/11/1,7764,3948,,133.8,138,60.888,3871.9,10.32,66,-5.822849272,7.81,347.6942857,1927857.143,2904233.333
1990/12/1,7901,3922,,133.8,138.6,60.945,3861.3,10.34,65.5,-2.873096813,7.31,370.2125,2007000,2983967.742
1991/1/1,8015,4235,,134.6,139.5,61.177,3841,10.37,66.8,-2.231068564,6.91,376.6722727,1985428.571,3112258.065
1991/2/1,8265,4463,,134.8,140.2,61.208,3866.7,10.39,70.4,0.267309415,6.25,442.5868421,1939571.429,3285785.714
1991/3/1,8586,4686,,135,140.5,61.221,3913,10.41,87.7,0.837881175,6.12,469.101,2209000,3431387.097
1991/4/1,8439,4592,,135.2,140.9,61.332,3907.1,10.46,81.8,5.050465032,5.91,496.3190909,1997714.286,3487000
1991/5/1,8736,4658,,135.6,141.3,61.586,3933.2,10.5,78.3,4.269888876,5.78,490.9336364,1965000,3489967.742
1991/6/1,8692,4751,,136,141.8,61.69,3940.5,10.51,82.1,2.327900631,5.9,490.375,1833000,3406633.333
1991/7/1,8586,4765,,136.2,142.3,61.787,3966,10.54,82.9,2.115912293,5.82,489.3686364,1863000,3304677.419
1991/8/1,8666,4762,,136.6,142.9,61.931,3969.1,10.56,82,0.393459905,5.66,513.2509091,1907714.286,3289838.71
1991/9/1,8722,4833,,137.2,143.4,62.144,3984.7,10.58,83,2.092125534,5.45,520.5595,1819142.857,3302366.667
1991/10/1,8842,4799,,137.4,143.7,62.26,3976,10.59,78.3,0.778889248,5.21,528.923913,1889142.857,3310064.516
1991/11/1,8931,4842,,137.8,144.2,62.397,4003.6,10.61,69.1,1.788955359,4.81,536.5835,1907714.286,3306366.667
1991/12/1,9198,5038,,137.9,144.7,62.553,4020.5,10.64,68.2,2.021401954,4.43,544.1009524,2012142.857,3355129.032
1992/1/1,9283,5032,,138.1,145.1,62.638,4084.7,10.64,67.5,6.291346091,4.03,615.7340909,1948000,3337645.161
1992/2/1,9454,5370,,138.6,145.4,62.797,4099.5,10.66,68.8,6.23249806,4.06,632.0484211,1833857.143,3317413.793
1992/3/1,9460,5407,,139.3,145.9,62.949,4117,10.68,76,5.672324646,3.98,619.5990909,1894571.429,3318870.968
1992/4/1,9415,5400,,139.5,146.3,63.119,4131.5,10.72,77.2,4.114815339,3.73,582.7904762,1804285.714,3348700
1992/5/1,9744,5615,,139.7,146.8,63.203,4158.4,10.74,79.2,2.600331477,3.82,581.473,1838571.429,3333806.452
1992/6/1,10040,5641,,140.2,147.1,63.315,4177.1,10.77,80.4,3.704770127,3.76,566.6586364,1790000,3282800
1992/7/1,9850,5513,,140.5,147.6,63.524,4204.8,10.78,76.6,5.141538115,3.25,568.7168182,1959142.857,3266548.387
1992/8/1,9787,5424,,140.9,147.9,63.609,4220.9,10.81,76.1,2.249081824,3.3,568.9971429,1792285.714,3202870.968
1992/9/1,9781,5463,,141.3,148.1,63.713,4255.3,10.83,75.6,5.484112264,3.22,580.6809524,1776571.429,3195633.333
1992/10/1,9398,5450,,141.8,148.8,63.938,4284.7,10.85,73.3,5.330284926,3.1,585.0118182,1661571.429,3054838.71
1992/11/1,9565,5266,,142,149.2,64.064,4300.5,10.86,85.3,3.073812604,3.09,630.8635,1549000,2946933.333
1992/12/1,9557,5110,,141.9,149.6,64.176,4336.4,10.9,91,1.966939582,2.92,661.2804545,1499571.429,2802387.097
1993/1/1,9325,4986,,142.6,150.1,64.332,4340.7,10.93,89.3,-0.411617924,3.02,691.1345,1530000,2708225.806
1993/2/1,9183,4885,,143.1,150.6,64.429,4355.3,10.95,86.6,-0.167462907,3.03,681.7178947,1358000,2642357.143
1993/3/1,9056,4980,,143.6,150.8,64.561,4352.5,10.99,85.9,0.591926134,3.07,684.4908696,1562000,2693000
1993/4/1,9110,5016,,144,151.4,64.733,4393.4,10.99,85.6,4.318522238,2.96,665.3295238,1504428.571,2776000
1993/5/1,9149,4876,,144.2,151.8,64.933,4422.4,11.01,80.3,2.706818569,3,686.451,1522000,2786387.097
1993/6/1,9121,4969,,144.4,152.1,64.955,4440,11.03,81.5,1.487375261,3.04,695.3827273,1463857.143,2800533.333
1993/7/1,8930,4911,,144.4,152.3,65.059,4468.9,11.05,77,0.867039476,3.06,703.3952381,1563142.857,2790387.097
1993/8/1,8763,4890,,144.8,152.8,65.17,4481.1,11.07,77.3,1.716886294,3.03,725.1486364,1507142.857,2799838.71
1993/9/1,8714,4784,,145.1,152.9,65.238,4511.5,11.09,77.9,5.434146267,3.09,745.9433333,1450714.286,2829133.333
1993/10/1,8750,4811,,145.7,153.4,65.443,4532.8,11.13,82.7,6.805019431,2.99,771.3071429,1561142.857,2827677.419
1993/11/1,8542,4482,,145.8,153.9,65.567,4554.1,11.15,81.2,5.473644128,3.02,764.0385714,1458428.571,2799800
1993/12/1,8477,4477,,145.8,154.3,65.582,4571.1,11.18,88.2,4.694178074,2.96,762.9440909,1439857.143,2733387.097
1994/1/1,8630,4295,,146.2,154.5,65.604,4585.1,11.2,94.3,1.867633882,3.05,787.7685714,1606857.143,2727935.484
1994/2/1,8583,4209,,146.7,154.8,65.756,4632.6,11.25,93.2,3.070503929,3.25,787.8094737,1390285.714,2793571.429
1994/3/1,8470,4080,,147.2,155.3,65.937,4646,11.25,91.5,8.149172288,3.34,785.9252174,1487857.143,2748967.742
1994/4/1,8331,3839,,147.4,155.5,66.015,4671.1,11.27,92.6,5.664925811,3.56,732.2952632,1475714.286,2737700
1994/5/1,7915,3584,,147.5,155.9,66.111,4669.5,11.29,92.8,4.568042286,4.01,727.7642857,1583857.143,2751516.129
1994/6/1,7927,3727,,148,156.4,66.272,4708.9,11.31,91.2,2.977175719,4.25,723.2095455,1450714.286,2710000
1994/7/1,7946,3791,,148.4,156.7,66.481,4720.6,11.34,89,0.188029472,4.26,713.49,1520714.286,2657096.774
1994/8/1,7933,3743,,149,157.1,66.634,4762.6,11.36,91.7,3.256248867,4.47,738.8678261,1490428.571,2647290.323
1994/9/1,7734,3636,,149.4,157.5,66.708,4775,11.39,91.5,3.379874076,4.73,763.9380952,1410142.857,2620700
1994/10/1,7632,3604,,149.5,157.8,66.821,4812.9,11.42,92.7,5.530332464,4.76,762.457619,1477857.143,2567225.806
1994/11/1,7375,3547,,149.7,158.2,66.948,4825.6,11.45,91.6,5.169870281,5.29,760.4190476,1403428.571,2529300
1994/12/1,7230,3454,,149.7,158.3,66.991,4841.6,11.48,95.1,4.041399545,5.45,734.9914286,1430857.143,2530838.71
1995/1/1,7375,3535,419,150.3,159,67.127,4851.2,11.48,97.6,0.175357135,5.53,758.012381,1472857.143,2511387.097
1995/2/1,7187,3382,429,150.9,159.4,67.246,4850.8,11.52,95.1,-0.774772664,5.92,784.2436842,1357428.571,2524321.429
1995/3/1,7153,3376,441,151.4,159.9,67.37,4885.4,11.55,90.3,0.546095725,5.98,807.1621739,1502857.143,2523387.097
1995/4/1,7645,3497,382,151.9,160.4,67.547,4890.2,11.56,92.5,0.385942044,6.05,825.3384211,1515857.143,2527000
1995/5/1,7430,3573,424,152.2,160.7,67.651,4933.1,11.59,89.8,2.744321796,6.01,859.7590909,1635857.143,2578741.935
1995/6/1,7427,3413,365,152.5,161.1,67.717,4977.5,11.63,92.7,3.737504676,6,906.0354545,1562428.571,2604433.333
1995/7/1,7527,3504,430,152.5,161.4,67.802,4970.2,11.67,94.4,1.749797156,5.85,979.3635,1653000,2626000
1995/8/1,7484,3477,417,152.9,161.8,67.948,5005.3,11.69,96.2,5.623704222,5.74,1009.586087,1578285.714,2609161.29
1995/9/1,7478,3426,360,153.2,162.2,67.995,5020.5,11.73,88.9,3.783963673,5.8,1051,1556428.571,2629100
1995/10/1,7328,3541,423,153.7,162.7,68.171,5013.9,11.75,90.2,0.940522839,5.76,1022.137273,1648857.143,2661870.968
1995/11/1,7426,3538,408,153.6,163,68.169,5055.6,11.78,88.2,2.601585777,5.8,1046.636667,1611571.429,2666133.333
1995/12/1,7423,3479,422,153.5,163.1,68.3,5097.5,11.81,91,3.161397939,5.6,1047.035,1610142.857,2608870.968
1996/1/1,7491,3554,389,154.4,163.7,68.452,5085.7,11.86,89.3,-0.520329574,5.56,1024.945455,1658142.857,2665032.258
1996/2/1,7313,3547,444,154.9,164,68.56,5132.8,11.87,88.5,6.486995577,5.22,1094.0165,1558142.857,2684034.483
1996/3/1,7318,3491,439,155.7,164.4,68.767,5173.3,11.89,93.7,6.5120436,5.31,1092.647143,1721857.143,2683322.581
1996/4/1,7415,3680,399,156.3,164.6,68.973,5208,11.96,92.7,7.412377267,5.22,1135.628095,1529142.857,2629866.667
1996/5/1,7423,3479,375,156.6,165,69.092,5223.8,11.98,89.4,6.845494654,5.24,1220.540455,1524571.429,2582129.032
1996/6/1,7095,3360,414,156.7,165.4,69.091,5229.8,12.03,92.4,4.104900903,5.27,1205.0755,1468428.571,2545433.333
1996/7/1,7337,3334,399,157,165.7,69.237,5251.9,12.05,94.7,1.762729941,5.4,1105.612727,1485428.571,2487838.71
1996/8/1,6882,3047,423,157.3,166,69.303,5275,12.1,95.3,3.491417044,5.22,1134.245909,1472714.286,2496774.194
1996/9/1,6979,3192,413,157.8,166.5,69.499,5296.6,12.13,94.7,4.846289234,5.3,1186.442,1466714.286,2474533.333
1996/10/1,7031,3166,385,158.3,166.8,69.709,5328.5,12.16,96.5,4.684075946,5.24,1234.042174,1498857.143,2456612.903
1996/11/1,7236,3311,352,158.6,167.2,69.833,5351.2,12.2,99.2,4.67137819,5.31,1259.831,1443428.571,2424700
1996/12/1,7253,3157,332,158.6,167.4,69.914,5378.6,12.24,96.9,0.605874859,5.29,1292.150952,1562714.286,2493967.742
1997/1/1,7158,3224,378,159.1,167.8,70.005,5411.1,12.29,97.4,0.209281826,5.25,1345.42,1492714.286,2465129.032
1997/2/1,7102,3169,356,159.6,168.1,70.151,5434,12.31,99.7,5.190838615,5.19,1349.17,1272714.286,2407928.571
1997/3/1,7000,3174,346,160,168.4,70.225,5454.2,12.35,100,6.269481673,5.39,1282.8555,1414714.286,2344000
1997/4/1,6873,3062,376,160.2,168.9,70.294,5459.3,12.39,101.4,7.654715266,5.51,1225.003636,1410571.429,2323900
1997/5/1,6655,2994,359,160.1,169.2,70.262,5460.2,12.43,103.2,6.569156505,5.5,1352.559048,1423571.429,2298129.032
1997/6/1,6799,3095,353,160.3,169.4,70.352,5494.2,12.46,104.5,5.607465157,5.56,1422.452857,1400857.143,2295066.667
1997/7/1,6655,2882,293,160.5,169.7,70.394,5548.8,12.5,107.1,5.391328512,5.52,1531.141364,1410714.286,2262677.419
1997/8/1,6608,2965,317,160.8,169.8,70.45,5587,12.57,104.4,3.556697242,5.54,1596.741905,1467142.857,2278193.548
1997/9/1,6656,2955,346,161.2,170.2,70.62,5601.7,12.6,106,3.601974968,5.54,1660.149048,1349571.429,2234166.667
1997/10/1,6454,2918,311,161.6,170.6,70.712,5637.7,12.66,105.6,2.901367925,5.5,1682.274783,1375000,2210419.355
1997/11/1,6308,2874,337,161.5,170.8,70.716,5661.1,12.71,107.2,3.79881081,5.52,1600.974737,1350000,2218300
1997/12/1,6476,3031,342,161.3,171.2,70.701,5692.1,12.75,102.1,3.550423428,5.5,1566.996818,1386000,2252677.419
1998/1/1,6368,2848,356,161.6,171.6,70.736,5689.9,12.79,106.6,4.19619946,5.56,1570.2345,1427714.286,2263096.774
1998/2/1,6306,2820,353,161.9,171.9,70.699,5723.8,12.83,110.4,4.622720711,5.51,1714.872105,1276000,2224250
1998/3/1,6422,2980,334,162.2,172.2,70.71,5750.3,12.87,106.5,3.207932972,5.49,1781.269545,1393714.286,2216354.839
1998/4/1,5941,2675,341,162.5,172.5,70.798,5788.1,12.92,108.7,3.465277282,5.45,1852.3,1327428.571,2176233.333
1998/5/1,6047,2827,284,162.8,172.9,70.895,5837.9,12.97,106.5,4.408940023,5.49,1836.3925,1382571.429,2134129.032
1998/6/1,6212,2807,311,163,173.2,70.835,5871.7,12.99,105.6,2.920120302,5.56,1795.744545,1463428.571,2224900
1998/7/1,6259,2818,354,163.2,173.5,71.01,5890,13,105.2,3.91333186,5.54,1941.576818,1457142.857,2338419.355
1998/8/1,6179,2811,285,163.4,174,71.108,5925,13.07,104.4,8.24497119,5.55,1784.750476,1372142.857,2213548.387
1998/9/1,6300,2838,335,163.6,174.2,71.067,5965.6,13.11,100.9,6.584076143,5.51,1663.427143,1299142.857,2152933.333
1998/10/1,6280,2835,342,164,174.4,71.223,5998.8,13.14,97.4,7.286535797,5.07,1615.694545,1380428.571,2165483.871
1998/11/1,6100,2785,315,164,174.8,71.226,6015.4,13.17,102.7,4.95469814,4.83,1888.721,1357142.857,2206100
1998/12/1,6032,2812,355,163.9,175.4,71.298,6070.5,13.21,100.5,4.282654852,4.68,2071.032727,1407285.714,2232387.097
1999/1/1,5976,2725,323,164.3,175.6,71.398,6073.9,13.27,103.9,3.052291443,4.63,2357.8,1436142.857,2283548.387
1999/2/1,6111,2725,265,164.5,175.6,71.358,6099.2,13.3,108.1,4.313921826,4.76,2356.988421,1207285.714,2239964.286
1999/3/1,5783,2611,287,165,175.7,71.412,6133,13.34,105.7,2.349644735,4.81,2391.14,1345285.714,2233483.871
1999/4/1,6004,2677,242,166.2,176.3,71.757,6199.5,13.38,104.6,2.783180537,4.74,2537.886667,1310571.429,2229533.333
1999/5/1,5796,2657,271,166.2,176.5,71.804,6232.1,13.42,106.8,4.386557406,4.74,2512.595,1340857.143,2210838.71
1999/6/1,5951,2654,220,166.2,176.6,71.826,6260.3,13.47,107.3,3.776466007,4.76,2520.958636,1253428.571,2193433.333
1999/7/1,6025,2684,274,166.7,177.1,72.017,6287.6,13.51,106,5.288607351,4.99,2741.26381,1326000,2192064.516
1999/8/1,5838,2631,270,167.1,177.3,72.148,6331.9,13.53,104.5,6.443272388,5.07,2642.449091,1287285.714,2178000
1999/9/1,5915,2552,306,167.9,177.8,72.407,6386.5,13.61,107.2,6.746819205,5.22,2807.946667,1254428.571,2158666.667
1999/10/1,5778,2535,279,168.2,178.1,72.529,6411.4,13.64,103.2,9.116411679,5.2,2815.276667,1271571.429,2096838.71
1999/11/1,5716,2518,276,168.3,178.4,72.594,6448.7,13.66,107.2,4.964320579,5.42,3230.548571,1209714.286,2086133.333
1999/12/1,5653,2433,265,168.3,178.7,72.763,6541,13.7,105.4,1.367474482,5.3,3739.878636,1236142.857,2098483.871
2000/1/1,5708,2527,225,168.8,179.3,72.961,6542.9,13.74,112,-1.459930167,5.45,4013.494,1286000,2114548.387
2000/2/1,5858,2655,260,169.8,179.4,73.191,6625.3,13.8,111.3,0.402570151,5.73,4410.871,1208428.571,2141517.241
2000/3/1,5733,2521,252,171.2,180,73.505,6686.5,13.85,107.1,8.894910406,5.85,4802.988261,1204428.571,2066903.226
2000/4/1,5481,2298,327,171.3,180.3,73.444,6679.1,13.89,109.2,10.76768104,6.02,3863.637368,1171857.143,2012466.667
2000/5/1,5758,2460,297,171.5,180.7,73.505,6709.7,13.94,110.7,6.118451429,6.27,3528.416818,1252857.143,1993258.065
2000/6/1,5651,2442,308,172.4,181.1,73.754,6746.9,13.98,106.4,2.254254059,6.53,3865.476818,1239142.857,2034233.333
2000/7/1,5747,2477,251,172.8,181.5,73.939,6768.5,14.02,108.3,-3.17497759,6.54,4017.685,1321571.429,2092774.194
2000/8/1,5853,2641,207,172.8,181.9,73.934,6802.8,14.07,107.3,-1.033382115,6.5,3909.596957,1378571.429,2126967.742
2000/9/1,5625,2524,269,173.7,182.3,74.252,6888.6,14.12,106.8,4.631425657,6.52,3875.822,1286000,2111366.667
2000/10/1,5534,2462,239,174,182.6,74.353,6893.8,14.17,105.8,3.543045654,6.51,3333.824545,1345857.143,2115645.161
2000/11/1,5639,2518,240,174.1,183.1,74.457,6909.8,14.23,107.6,2.119335877,6.51,3055.415238,1436571.429,2224333.333
2000/12/1,5634,2612,267,174,183.3,74.571,6952.2,14.29,98.4,-1.655880404,6.4,2657.8075,1536714.286,2320516.129
2001/1/1,6023,2803,288,175.1,183.9,74.932,6987.4,14.29,94.7,-3.385309091,5.98,2656.864286,1526714.286,2409032.258
2001/2/1,6089,2902,281,175.8,184.4,75.048,7001.8,14.36,90.6,-1.510098547,5.49,2449.569474,1489571.429,2496357.143
2001/3/1,6141,3053,340,176.2,184.7,75.055,6996.7,14.42,91.5,2.534477351,5.31,1986.663182,1716571.429,2588935.484
2001/4/1,6271,3084,345,176.9,185.1,75.187,7004.2,14.44,88.4,4.069290177,4.8,1933.928,1695857.143,2699566.667
2001/5/1,6226,3171,348,177.7,185.3,75.385,7052.8,14.5,92,3.973203026,4.21,2181.128636,1759142.857,2840967.742
2001/6/1,6484,3300,293,178,186,75.518,7069.7,14.54,92.6,-1.294347099,3.97,2112.052857,1696000,2952133.333
2001/7/1,6583,3357,293,177.5,186.4,75.493,7082.3,14.55,92.4,-3.257464877,3.77,2033.978571,1763857.143,3035419.355
2001/8/1,7042,3485,343,177.5,186.7,75.484,7121.7,14.6,91.5,-1.932808932,3.65,1929.712609,1764714.286,3141967.742
2001/9/1,7142,3630,303,178.3,187.1,75.227,7007,14.62,81.8,-2.204042568,3.07,1573.31,1898428.571,3277700
2001/10/1,7694,4328,341,177.7,187.4,75.492,7212.9,14.66,82.7,2.871307744,2.49,1656.428261,2106428.571,3542000
2001/11/1,8003,4476,333,177.4,188.1,75.441,7182.3,14.72,83.9,2.128238151,2.09,1870.062381,1937142.857,3654400
2001/12/1,8258,4455,346,176.7,188.4,75.363,7166.7,14.74,88.8,3.359464187,1.82,1977.7105,1798857.143,3583516.129
2002/1/1,8182,4491,313,177.1,188.7,75.431,7184.6,14.76,93,4.068886985,1.73,1976.768571,1809142.857,3545967.742
2002/2/1,8215,4449,366,177.8,189.1,75.558,7225.2,14.78,90.7,3.511256175,1.74,1799.718947,1587428.571,3559607.143
2002/3/1,8304,4441,323,178.8,189.2,75.763,7243.4,14.83,95.7,1.904550546,1.73,1863.0455,1860571.429,3621774.194
2002/4/1,8599,4624,317,179.8,189.7,76.08,7312.5,14.84,93,2.696901908,1.75,1758.802273,1828714.286,3690100
2002/5/1,8399,4650,438,179.8,190,76.13,7288.9,14.88,96.9,1.964163058,1.75,1660.310909,1784714.286,3702709.677
2002/6/1,8393,4639,341,179.9,190.2,76.225,7322.5,14.93,92.4,2.635042363,1.75,1505.4875,1667857.143,3626733.333
2002/7/1,8390,4608,382,180.1,190.5,76.393,7387.3,14.97,88.1,1.37389457,1.73,1346.085455,1709857.143,3501838.71
2002/8/1,8304,4591,384,180.7,191.1,76.543,7412.6,15.02,87.6,1.692324323,1.74,1327.360455,1746285.714,3519225.806
2002/9/1,8251,4544,418,181,191.3,76.681,7391.5,15.05,86.1,-0.132066078,1.75,1251.069,1753428.571,3559266.667
2002/10/1,8307,4698,370,181.3,191.5,76.821,7435.2,15.12,80.6,-0.402188827,1.75,1241.911739,1803857.143,3551870.968
2002/11/1,8520,4743,391,181.3,191.9,76.897,7463.8,15.15,84.2,2.017729718,1.34,1409.1515,1671714.286,3469966.667
2002/12/1,8640,4775,401,180.9,192.1,76.971,7519.9,15.2,86.7,0.203083667,1.24,1387.151905,1825428.571,3478419.355
2003/1/1,8520,4713,428,181.7,192.4,77.201,7541.3,15.22,82.4,3.406459661,1.24,1389.559524,1765571.429,3403225.806
2003/2/1,8618,4786,439,183.1,192.5,77.526,7548.6,15.28,79.9,1.631397975,1.26,1313.261579,1663714.286,3464428.571
2003/3/1,8588,4758,463,184.2,192.5,77.725,7611.5,15.27,77.6,2.988238273,1.25,1348.50381,1882428.571,3552193.548
2003/4/1,8842,4807,433,183.8,192.5,77.593,7634.5,15.28,86,2.19761444,1.26,1409.830952,1870428.571,3646233.333
2003/5/1,8957,5102,511,183.5,192.9,77.504,7650.3,15.33,92.1,5.235352491,1.26,1524.182857,1875428.571,3717806.452
2003/6/1,9266,4983,475,183.7,193,77.588,7699.6,15.36,89.7,7.08876437,1.22,1631.750952,1810714.286,3696533.333
2003/7/1,9011,4955,444,183.9,193.4,77.816,7757,15.4,90.9,7.433664234,1.01,1716.851364,1808714.286,3613096.774
2003/8/1,8896,4994,510,184.6,193.6,78.079,7852.1,15.42,89.3,5.724670993,1.03,1724.822857,1774857.143,3595709.677
2003/9/1,8921,4959,414,185.2,193.7,78.323,7853.7,15.42,87.7,6.215778878,1.01,1856.224762,1687142.857,3574433.333
2003/10/1,8732,4827,476,185,194,78.333,7867.4,15.42,89.6,4.567681109,1.01,1907.891304,1673714.286,3466677.419
2003/11/1,8576,4671,464,184.5,194,78.432,7922.6,15.46,93.7,3.89707448,1,1939.253158,1556285.714,3360833.333
2003/12/1,8317,4510,431,184.3,194.2,78.605,7950.4,15.47,92.6,1.897074043,0.98,1956.984545,1584000,3258096.774
2004/1/1,8370,4383,412,185.2,194.6,78.909,8007.1,15.51,103.8,1.171008754,1,2098.004,1597571.429,3143064.516
2004/2/1,8167,4276,472,186.2,194.9,79.077,8040.4,15.53,94.4,2.50773734,1.01,2048.36,1492142.857,3113275.862
2004/3/1,8491,4562,502,187.4,195.5,79.199,8098.8,15.56,95.8,4.11737413,1,1979.478696,1510285.714,3038161.29
2004/4/1,8170,4334,488,188,195.9,79.346,8107.2,15.59,94.2,2.173947331,1,2021.322857,1479285.714,3001633.333
2004/5/1,8212,4192,505,189.1,196.2,79.604,8176.5,15.63,90.2,3.878590099,1,1930.089,1504714.286,2967870.968
2004/6/1,8286,4105,475,189.7,196.6,79.831,8157.6,15.67,95.6,2.776223707,1.03,2000.979524,1480857.143,2952233.333
2004/7/1,8136,4210,475,189.4,196.8,79.905,8236.9,15.69,96.7,4.615227267,1.26,1912.424286,1528714.286,2913000
2004/8/1,7990,4003,541,189.5,196.9,79.946,8271.6,15.73,95.9,3.723462012,1.43,1821.538182,1502714.286,2889612.903
2004/9/1,7927,4031,441,189.9,197.5,80.104,8341.5,15.78,94.2,3.248661424,1.61,1884.730952,1448571.429,2851200
2004/10/1,8061,4069,442,190.9,197.9,80.448,8397.1,15.81,91.7,4.163645886,1.76,1938.252381,1477857.143,2774193.548
2004/11/1,7932,4059,397,191,198.3,80.758,8444.5,15.84,92.8,3.775067166,1.93,2062.87,1414857.143,2732533.333
2004/12/1,7934,4026,440,190.3,198.6,80.801,8504.4,15.86,97.1,6.288555727,2.16,2149.531818,1459142.857,2709322.581
2005/1/1,7784,4029,491,190.7,199,80.907,8497.7,15.9,95.5,5.086411574,2.28,2071.8715,1499571.429,2732935.484
2005/2/1,7980,3904,473,191.8,199.4,81.132,8559.1,15.93,94.1,3.802934245,2.5,2065.735789,1254428.571,2682785.714
2005/3/1,7737,3768,470,193.3,200.1,81.375,8598.4,15.97,92.6,0.489171029,2.63,2030.433636,1472142.857,2658548.387
2005/4/1,7672,3637,389,194.6,200.2,81.603,8678.4,16.01,87.7,2.15674739,2.79,1957.492857,1376714.286,2596300
2005/5/1,7651,3610,417,194.4,200.5,81.649,8671.6,16.03,86.9,1.21472137,3,2005.217143,1452857.143,2590483.871
2005/6/1,7524,3642,473,194.5,200.6,81.7,8753.4,16.08,96,4.020184073,3.04,2074.017273,1391714.286,2599000
2005/7/1,7406,3580,471,195.4,200.9,82.046,8853.8,16.15,96.5,3.501279559,3.26,2145.139,1432857.143,2592129.032
2005/8/1,7345,3454,389,196.4,201.1,82.377,8850.1,16.17,89.1,4.12208768,3.5,2157.848261,1404857.143,2579903.226
2005/9/1,7553,3749,387,198.8,201.3,83.172,8900.4,16.19,76.9,0.103037257,3.62,2144.611905,1673857.143,2760266.667
2005/10/1,7453,3539,404,199.2,202,83.305,8938.5,16.28,74.2,1.140785475,3.78,2087.092857,1524714.286,2792419.355
2005/11/1,7566,3515,408,197.6,202.5,83.131,8946.2,16.3,81.6,3.490327882,4,2202.835714,1359571.429,2683300
2005/12/1,7279,3483,448,196.8,202.8,83.131,8981.1,16.36,91.5,5.201576647,4.16,2246.087143,1398571.429,2645903.226
2006/1/1,7064,3349,377,198.3,203.2,83.534,9071.6,16.42,91.2,7.290727504,4.29,2289.9915,1306857.143,2553419.355
2006/2/1,7184,3366,377,198.7,203.6,83.584,9096,16.48,86.7,4.652536162,4.49,2273.666316,1168571.429,2500071.429
2006/3/1,7072,3399,443,199.8,204.3,83.746,9132.9,16.54,88.9,3.040042965,4.59,2300.255652,1327000,2445967.742
2006/4/1,7120,3505,378,201.5,204.8,84.135,9191.6,16.63,87.4,-0.178237737,4.79,2338.677368,1318142.857,2399233.333
2006/5/1,6980,3473,344,202.5,205.4,84.361,9231.8,16.66,79.1,-0.203973057,4.94,2245.281818,1456857.143,2387258.065
2006/6/1,7001,3369,477,202.9,205.9,84.569,9259.6,16.72,84.9,-0.468430842,4.99,2137.413636,1317428.571,2406666.667
2006/7/1,7175,3313,404,203.5,206.3,84.858,9343.8,16.78,84.7,-0.555189833,5.24,2086.2075,1414000,2460935.484
2006/8/1,7091,3283,454,203.9,206.8,85.125,9342.2,16.82,82,2.387182699,5.25,2117.77087,1391142.857,2465677.419
2006/9/1,6847,3233,347,202.9,207.2,84.902,9375.4,16.87,85.4,3.407319042,5.25,2221.939,1356000,2442733.333
2006/10/1,6727,3125,340,201.8,207.6,84.702,9393.6,16.93,93.6,3.828081657,5.25,2330.174545,1398714.286,2443129.032
2006/11/1,6872,3275,352,201.5,207.8,84.731,9400.2,16.98,92.1,3.414966183,5.25,2408.7,1401857.143,2481533.333
2006/12/1,6762,3243,273,201.8,208.1,85.032,9488.3,17.05,91.7,3.307715318,5.24,2431.908,1433571.429,2483870.968
2007/1/1,7116,3405,421,202.416,208.6,85.316,9538.7,17.09,96.9,-1.366571867,5.25,2453.187,1399000,2531000
2007/2/1,6927,3395,366,203.499,209.135,85.581,9566,17.16,91.3,1.042082704,5.26,2479.864211,1296714.286,2570107.143
2007/3/1,6731,3169,375,205.352,209.418,85.894,9611.7,17.22,88.4,2.793756279,5.26,2401.490909,1364142.857,2511000
2007/4/1,6850,3354,395,206.686,209.747,86.096,9643.6,17.27,87.1,2.350734832,5.25,2499.568,1366714.286,2491533.333
2007/5/1,6766,3360,393,207.949,210.058,86.346,9685.8,17.34,88.3,3.08198685,5.25,2562.140909,1354857.143,2449645.161
2007/6/1,6979,3383,398,208.352,210.392,86.529,9706.8,17.41,85.3,2.105382326,5.25,2595.39619,1352428.571,2487000
2007/7/1,7149,3675,346,208.299,210.773,86.661,9751.1,17.46,90.4,1.205904569,5.26,2655.07619,1387571.429,2541161.29
2007/8/1,7067,3625,398,207.917,211.119,86.72,9798.9,17.5,83.4,3.079490061,5.02,2539.498696,1414571.429,2557451.613
2007/9/1,7170,3591,295,208.49,211.554,87.054,9845.1,17.55,83.4,3.613786348,4.94,2634.47,1343000,2531100
2007/10/1,7237,3706,329,208.936,212.077,87.318,9882.7,17.58,80.9,3.428887095,4.76,2780.415652,1454714.286,2570193.548
2007/11/1,7240,3683,351,210.177,212.66,87.781,9955.9,17.63,76.1,2.015931942,4.49,2662.802381,1452000,2621166.667
2007/12/1,7645,3871,361,210.036,213.168,87.984,9972.8,17.68,75.5,-2.080680766,4.24,2661.5485,1545000,2733612.903
2008/1/1,7685,3851,444,211.08,213.771,88.206,9996.4,17.74,78.4,-3.161244184,3.94,2418.09381,1506142.857,2798677.419
2008/2/1,7497,3894,386,211.693,213.939,88.382,9981.7,17.8,70.8,-2.428970808,2.98,2325.8255,1432714.286,2854862.069
2008/3/1,7822,4119,396,213.528,214.42,88.635,10035.3,17.88,69.5,1.088154984,2.61,2254.818,1622428.571,2925290.323
2008/4/1,7637,4067,408,214.823,214.56,88.799,10070.3,17.92,62.6,4.551824448,2.28,2368.099545,1548285.714,2967533.333
2008/5/1,8395,4252,428,216.632,214.936,89.18,10132.3,17.98,59.8,3.303846106,1.98,2483.240952,1622571.429,3016258.065
2008/6/1,8575,4390,417,218.815,215.424,89.827,10187.1,18.04,56.4,1.363902113,2,2427.454286,1639000,3061433.333
2008/7/1,8937,4539,435,219.964,215.965,90.245,10185.1,18.1,61.2,-1.867511545,2.01,2278.137273,1806000,3205129.032
2008/8/1,9438,4942,386,219.086,216.393,90.172,10175.7,18.18,63,-4.968677758,2,2389.267143,1908000,3387096.774
2008/9/1,9494,5257,499,218.783,216.713,90.247,10116.4,18.2,70.3,-9.451730156,1.81,2205.203333,1999571.429,3540566.667
2008/10/1,10074,5706,496,216.573,216.788,89.651,10034.1,18.25,57.6,-8.657068713,0.97,1730.319565,2114428.571,3774451.613
2008/11/1,10538,6228,610,212.425,216.947,88.593,9885.2,18.31,55.3,-11.06687971,0.39,1542.695789,2260428.571,4141000
2008/12/1,11286,6653,636,210.228,216.925,88.098,9801.5,18.39,60.1,-7.693331437,0.16,1525.890455,2462000,4547548.387
2009/1/1,12058,7450,700,211.143,217.346,88.108,9847.2,18.39,61.2,-4.328841132,0.15,1537.2005,2572571.429,4883032.258
2009/2/1,12898,8079,712,212.193,217.792,88.266,9824.5,18.44,56.3,0.353632522,0.22,1485.976842,2576000,5297000
2009/3/1,13426,8539,679,212.709,218.253,88.169,9773.2,18.5,57.3,-2.358797203,0.18,1432.233182,2916857.143,5792677.419
2009/4/1,13853,8960,732,213.24,218.706,88.295,9772.5,18.52,65.1,-0.45657064,0.15,1641.147619,2661142.857,6237133.333
2009/5/1,14499,9421,850,213.856,218.904,88.387,9791.6,18.53,68.7,-0.24927359,0.18,1726.0775,2715142.857,6542645.161
2009/6/1,14707,9529,789,215.693,219.112,88.912,9852.4,18.56,70.8,-0.223316036,0.21,1826.988182,2553428.571,6496266.667
2009/7/1,14601,9464,751,215.351,219.263,88.922,9886.3,18.59,66,1.462923225,0.16,1873.837727,2496142.857,6133000
2009/8/1,14814,9641,769,215.834,219.496,89.18,10004.1,18.67,65.7,2.179516782,0.16,1997.155238,2479714.286,6037580.645
2009/9/1,15009,9956,753,215.969,219.92,89.324,9927.8,18.7,73.5,4.583027068,0.15,2084.747143,2335142.857,5967166.667
2009/10/1,15352,9931,827,216.177,220.501,89.663,9976.7,18.74,70.6,5.444760996,0.12,2122.849545,2322428.571,5748258.065
2009/11/1,15219,9752,861,216.33,220.666,89.887,9985.7,18.8,67.4,4.687572039,0.12,2143.5325,2118000,5449066.667
2009/12/1,15098,9591,918,215.949,220.881,89.939,10052.6,18.84,72.5,1.654934497,0.12,2220.6,2125714.286,5088419.355
2010/1/1,15046,9341,1016,216.687,220.633,90.136,10056.1,18.88,74.4,1.1376078,0.11,2267.774737,2139857.143,4833967.742
2010/2/1,15113,9596,1175,216.741,220.731,90.134,10093.4,18.91,73.6,0.829063011,0.13,2194.44,1943857.143,4791178.571
2010/3/1,15202,9575,987,217.631,220.783,90.261,10156,18.92,73.6,4.319320727,0.16,2362.243913,2087285.714,4733645.161
2010/4/1,15325,9415,1186,218.009,220.822,90.31,10182.3,18.96,72.2,4.799682372,0.2,2475.72,1988857.143,4717800
2010/5/1,14849,9237,1165,218.178,220.962,90.339,10210.8,19.01,73.6,3.907556889,0.2,2319.239,2041571.429,4667612.903
2010/6/1,14474,9039,1202,217.965,221.194,90.301,10231.3,19.03,76,2.99413543,0.18,2235.229545,1970285.714,4585433.333
2010/7/1,14512,8999,1117,218.011,221.363,90.378,10268.1,19.04,67.8,2.929885957,0.18,2210.27381,2036571.429,4516806.452
2010/8/1,14648,9127,1125,218.312,221.509,90.502,10307.1,19.11,68.9,2.872264702,0.19,2205.281364,2093714.286,4465096.774
2010/9/1,14579,9142,1287,218.439,221.711,90.592,10327.1,19.11,68.2,3.221650725,0.19,2298.34619,1938857.143,4454300
2010/10/1,14516,8884,1243,218.711,221.83,90.881,10386.4,19.21,67.7,2.800486789,0.19,2441.295714,1977428.571,4353354.839
2010/11/1,15081,9491,1279,218.803,222.149,91.062,10433.6,19.21,71.6,1.162197929,0.19,2530.989524,1826428.571,4187166.667
2010/12/1,14348,8831,1301,219.179,222.343,91.268,10471,19.23,74.5,-1.186526644,0.18,2631.560455,1851571.429,4057322.581
2011/1/1,14013,8475,950,220.223,222.803,91.542,10514.3,19.33,74.2,-3.079307737,0.17,2717.2085,1894857.143,3922967.742
2011/2/1,13820,8353,996,221.309,223.213,91.797,10540.6,19.31,77.5,-1.441305295,0.16,2783.535789,1609428.571,3838107.143
2011/3/1,13737,8338,917,223.467,223.454,92.166,10619.7,19.3,67.5,4.767419534,0.14,2722.28913,1787857.143,3763548.387
2011/4/1,13957,8294,980,224.906,223.727,92.557,10652.1,19.36,69.8,3.915568657,0.1,2797.072,1820857.143,3773266.667
2011/5/1,13855,8264,887,225.964,224.175,92.838,10672.2,19.41,74.3,2.35737131,0.09,2815.075714,1871285.714,3771451.613
2011/6/1,13962,8157,979,225.722,224.697,92.819,10694.8,19.41,71.5,-0.276197812,0.09,2687.762727,1790285.714,3739466.667
2011/7/1,13763,8114,1054,225.922,225.218,92.977,10731.6,19.48,63.7,-1.850733634,0.07,2810.5755,1822285.714,3719354.839
2011/8/1,13818,8009,989,226.545,225.862,93.196,10750.3,19.47,55.8,-0.074805629,0.1,2504.623043,1816714.286,3721774.194
2011/9/1,13948,8027,1102,226.889,226.118,93.327,10783.2,19.49,59.5,3.093699071,0.08,2524.13619,1781571.429,3731433.333
2011/10/1,13594,7891,984,226.421,226.506,93.329,10802.9,19.56,60.8,6.453887271,0.07,2594.781905,1776857.143,3696129.032
2011/11/1,13302,7651,1091,226.23,226.899,93.52,10806.8,19.56,63.7,5.074693388,0.08,2606.289048,1666142.857,3648133.333
2011/12/1,13093,7555,932,225.672,227.405,93.574,10817.8,19.57,69.9,4.587088774,0.07,2601.67,1663857.143,3570612.903
2012/1/1,12797,7263,1014,226.665,227.877,93.894,10896.8,19.59,75,3.262947775,0.08,2743.795,1668714.286,3445419.355
2012/2/1,12813,7136,983,227.663,228.034,94.104,10987.2,19.58,75.3,2.237655286,0.1,2928.9805,1509571.429,3378758.621
2012/3/1,12713,7037,863,229.392,228.478,94.284,10993.9,19.64,76.2,1.544739345,0.13,3035.915909,1618714.286,3332903.226
2012/4/1,12646,6848,959,230.085,228.905,94.408,11018.5,19.67,76.4,1.925243946,0.14,3035.1015,1633571.429,3323200
2012/5/1,12660,6975,898,229.815,229.224,94.302,11006.8,19.68,79.3,1.97391388,0.16,2900.409091,1656714.286,3327967.742
2012/6/1,12692,7114,820,229.478,229.623,94.254,10989.8,19.71,73.2,0.978518664,0.16,2850.354762,1626714.286,3323966.667
2012/7/1,12656,7096,802,229.104,229.97,94.288,11016.8,19.75,72.3,0.679545312,0.16,2920.114286,1649000,3305387.097
2012/8/1,12471,6833,854,230.379,230.233,94.605,11056,19.74,74.3,-0.231331732,0.13,3032.666522,1652000,3310677.419
2012/9/1,12115,6548,851,231.407,230.659,94.893,11105.3,19.79,78.3,-0.310183342,0.14,3136.802632,1641000,3311233.333
2012/10/1,12124,6554,825,231.317,231.024,95.174,11137.4,19.79,82.6,-0.889677816,0.16,3060.261905,1632571.429,3287483.871
2012/11/1,12005,6464,973,230.221,231.33,95.109,11178.4,19.85,82.7,1.805581376,0.16,2941.015238,1717857.143,3294433.333
2012/12/1,12298,6515,1053,229.601,231.725,95.094,11181.2,19.91,72.9,4.069800241,0.16,3003.792,1577285.714,3186483.871
2013/1/1,12471,6644,771,230.28,232.229,95.275,11252.4,19.94,73.8,4.858090408,0.14,3125.913333,1566142.857,3122516.129
2013/2/1,11950,6453,866,232.166,232.569,95.614,11290.5,19.99,77.6,5.066132441,0.15,3169.213158,1397000,3047321.429
2013/3/1,11689,6239,802,232.773,232.794,95.488,11290.1,20.01,78.6,0.680535392,0.14,3236.167,1567428.571,3043354.839
2013/4/1,11760,6338,828,232.531,232.832,95.391,11281.1,20.04,76.4,-0.463166041,0.15,3251.351818,1481285.714,3040400
2013/5/1,11654,6090,846,232.945,232.996,95.461,11321.6,20.04,84.5,1.323476328,0.11,3440.375455,1544000,3006806.452
2013/6/1,11751,6119,1027,233.504,233.35,95.673,11344.4,20.13,84.1,1.943275075,0.09,3416.7415,1476571.429,2995566.667
2013/7/1,11335,5852,929,233.596,233.88,95.792,11372.6,20.14,85.1,3.009151828,0.09,3559.710909,1527571.429,3007419.355
2013/8/1,11279,5893,875,233.877,234.336,95.934,11406.6,20.17,82.1,5.460029096,0.08,3639.928636,1473285.714,2933161.29
2013/9/1,11270,5855,904,234.149,234.7,95.976,11445.9,20.23,77.5,5.367070475,0.08,3731.262,1361142.857,2897966.667
2013/10/1,11136,6255,825,233.546,234.921,96.103,11498,20.25,73.2,4.248729521,0.09,3848.202174,1573142.857,2919516.129
2013/11/1,10787,5738,757,233.069,235.359,96.246,11562.5,20.31,75.1,2.414568497,0.08,3957.5325,1396714.286,2847566.667
2013/12/1,10404,5433,904,233.049,235.759,96.414,11593.2,20.34,82.5,-2.542260453,0.09,4075.884762,1522000,2862806.452
2014/1/1,10202,5359,803,233.916,235.961,96.614,11578.8,20.39,81.2,-4.542547888,0.07,4154.360952,1452714.286,2869419.355
2014/2/1,10349,5422,740,234.781,236.185,96.66,11636.9,20.51,81.6,-0.335374415,0.07,4199.451053,1330714.286,2834821.429
2014/3/1,10380,5374,698,236.293,236.625,96.815,11722.3,20.5,80,4.538008477,0.08,4276.359048,1420428.571,2774516.129
2014/4/1,9702,5177,776,237.072,237.072,96.987,11762.3,20.52,84.1,5.951420611,0.09,4119.30619,1387857.143,2717866.667
2014/5/1,9859,5013,757,237.9,237.529,97.147,11807.3,20.53,81.9,6.688125094,0.09,4135.374286,1383285.714,2662935.484
2014/6/1,9460,4814,677,238.343,237.837,97.253,11861.7,20.6,82.5,6.229939429,0.1,4332.738571,1340285.714,2585500
2014/7/1,9608,4774,696,238.25,238.195,97.391,11904.4,20.61,81.8,5.540391878,0.09,4434.125909,1331428.571,2532516.129
2014/8/1,9599,4761,783,237.852,238.405,97.379,11983.7,20.66,82.5,2.986797771,0.09,4464.831429,1343142.857,2499032.258
2014/9/1,9262,4528,740,238.031,238.786,97.413,11991.4,20.66,84.6,1.741717631,0.09,4551.58619,1261714.286,2446933.333
2014/10/1,8990,4368,777,237.433,239.191,97.384,12064.7,20.7,86.9,0.910936266,0.09,4403.230435,1269428.571,2424000
2014/11/1,9090,4483,693,236.151,239.458,97.291,12083.9,20.77,88.8,2.382942681,0.09,4687.702105,1259571.429,2402433.333
2014/12/1,8717,4339,730,234.812,239.584,97.12,12096.1,20.71,93.6,4.193568759,0.12,4732.701364,1264428.571,2380096.774
2015/1/1,8885,4219,666,233.707,239.811,96.654,12066.7,20.8,98.1,3.563764538,0.11,4673.7015,1270000,2345774.194
2015/2/1,8599,4174,724,234.722,240.172,96.825,12116.6,20.84,95.4,3.317811377,0.11,4854.255789,1205000,2340250
2015/3/1,8515,4150,755,236.119,240.755,97.008,12176.1,20.91,93,4.177358205,0.11,4938.010909,1256857.143,2321322.581
2015/4/1,8550,4159,744,236.599,241.346,97.094,12209.1,20.92,95.9,2.176824111,0.12,4985.951429,1213857.143,2278933.333
2015/5/1,8834,4403,636,237.805,241.688,97.327,12275.4,20.98,90.7,1.17722628,0.12,5029.4315,1219000,2259967.742
2015/6/1,8247,4070,658,238.638,242.064,97.516,12307.9,21,96.1,1.668163193,0.13,5073.041818,1180428.571,2270466.667
2015/7/1,8167,4071,629,238.654,242.565,97.605,12364.9,21.03,93.1,2.477728868,0.13,5082.81,1217285.714,2248258.065
2015/8/1,7992,3973,611,238.316,242.817,97.612,12396.2,21.11,91.9,0.950193072,0.14,4934.622857,1222571.429,2252709.677
2015/9/1,7907,3877,665,237.945,243.316,97.477,12386.4,21.09,87.2,0.537743726,0.14,4748.004762,1152571.429,2238200
2015/10/1,7922,3995,652,237.838,243.768,97.477,12394.9,21.19,90,0.292993654,0.12,4879.036818,1182428.571,2207677.419
2015/11/1,8000,3903,580,237.336,244.241,97.538,12423.2,21.21,91.3,0.609210643,0.12,5082.5075,1154000,2210733.333
2015/12/1,7907,3795,660,236.525,244.547,97.456,12452,21.23,92.6,2.514340433,0.24,5040.54,1199000,2203580.645
2016/1/1,7627,3542,606,236.916,244.955,97.496,12478,21.31,92,3.180195962,0.34,4610.714211,1241000,2206096.774
2016/2/1,7702,3711,580,237.111,245.51,97.445,12554.5,21.33,91.7,2.466068392,0.38,4463.206,1101857.143,2200241.379
2016/3/1,7961,3843,605,238.132,245.913,97.673,12537,21.39,91,0.694901184,0.36,4754.479545,1175142.857,2162322.581
2016/4/1,8067,3965,557,239.261,246.551,97.993,12611.5,21.46,89,0.906095263,0.37,4892.168095,1135000,2148666.667
2016/5/1,7652,3736,596,240.229,247.137,98.153,12652.7,21.47,94.7,0.828780702,0.37,4788.235238,1211571.429,2169774.194
2016/6/1,7744,3792,504,241.018,247.54,98.325,12731.2,21.52,93.5,3.306632211,0.38,4856.232273,1129571.429,2151133.333
2016/7/1,7641,3740,554,240.628,247.829,98.342,12756.7,21.58,90,3.419465019,0.39,5023.989,1152714.286,2135903.226
2016/8/1,7784,3733,578,240.849,248.423,98.479,12788.1,21.6,89.8,2.640453636,0.4,5217.038261,1163000,2145129.032
2016/9/1,7953,3885,582,241.428,248.842,98.666,12846.6,21.62,91.2,2.461119515,0.4,5254.154286,1069142.857,2098333.333
2016/10/1,7811,3741,482,241.729,249.142,98.868,12867,21.71,87.2,2.079356208,0.4,5255.989048,1140428.571,2069451.613
2016/11/1,7553,3547,574,241.353,249.481,98.901,12893,21.72,93.8,1.693473521,0.41,5260.565238,1053285.714,2042566.667
2016/12/1,7521,3610,423,241.432,249.92,99.071,13005.9,21.76,98.2,2.728035808,0.54,5413.116667,1119285.714,2050903.226
2017/1/1,7468,3678,513,242.839,250.467,99.451,13063.7,21.82,98.5,2.053272197,0.65,5561.4235,1074571.429,2079354.839
2017/2/1,7379,3653,510,243.603,250.998,99.586,13088.4,21.84,96.3,1.35456916,0.66,5764.702105,923571.4286,2055035.714
2017/3/1,7073,3572,485,243.801,250.944,99.535,13139.9,21.88,96.9,1.450082935,0.79,5864.963913,1019000,2011935.484
2017/4/1,7089,3586,444,244.524,251.227,99.725,13169.2,21.94,97,2.649833436,0.9,5912.169474,987142.8571,1946366.667
2017/5/1,7000,3440,408,244.733,251.43,99.682,13171.9,21.97,97.1,2.247176212,0.91,6124.878182,1066142.857,1898032.258
2017/6/1,6873,3391,507,244.955,251.746,99.766,13225.2,22.02,95,3.399549013,1.04,6224.285909,1068000,1916633.333
2017/7/1,6892,3355,496,244.786,251.985,99.803,13263.3,22.07,93.4,2.797919871,1.15,6294.674,1107142.857,1930387.097
2017/8/1,7082,3461,457,245.519,252.535,100.027,13294.6,22.1,96.8,3.337192571,1.16,6311.397391,1130571.429,1921193.548
2017/9/1,6854,3331,454,246.819,252.812,100.4,13417.3,22.18,95.1,4.176384466,1.15,6428.079,1149857.143,1889766.667
2017/10/1,6700,3253,515,246.663,253.526,100.531,13447.5,22.18,100.7,5.188442161,1.15,6603.011364,1075285.714,1906258.065
2017/11/1,6774,3205,450,246.669,253.816,100.675,13540.6,22.23,98.5,4.626392329,1.16,6796.045238,1056857.143,1964200
2017/12/1,6632,3261,470,246.524,254.344,100.821,13666.1,22.3,95.9,3.841132851,1.3,6889.7405,1076857.143,1973903.226
2018/1/1,6489,3202,434,247.867,255.204,101.199,13703.3,22.36,95.7,2.463752522,1.41,7279.498095,1033000,1981903.226
2018/2/1,6581,3217,366,248.991,255.711,101.416,13738.7,22.41,99.7,3.916655608,1.42,7161.772632,886285.7143,1969107.143
2018/3/1,6472,3119,481,249.554,256.271,101.524,13793.2,22.49,101.4,1.626513344,1.51,7311.505714,998714.2857,1943516.129
2018/4/1,6459,3058,394,250.546,256.63,101.766,13838.4,22.55,98.8,1.805247032,1.69,7084.141095,946285.7143,1870000
2018/5/1,6196,2892,428,251.588,257.145,101.941,13905,22.6,98,1.711651568,1.7,7339.327364,984000,1744322.581
2018/6/1,6447,3082,352,251.989,257.399,102.029,13930.4,22.66,98.2,3.050594609,1.82,7645.139143,953714.2857,1677633.333
2018/7/1,6195,2972,470,252.006,257.699,102.137,13974.8,22.7,97.9,2.876818402,1.91,7756.863143,928000,1651096.774
2018/8/1,6156,2807,448,252.146,257.891,102.208,14014,22.78,96.2,2.651423134,1.91,7892.233,916285.7143,1605483.871
2018/9/1,6073,2820,409,252.439,258.368,102.418,14017.8,22.86,100.1,0.641114593,1.95,7983.307368,883857.1429,1546666.667
2018/10/1,6211,2883,499,252.885,258.917,102.595,14083.1,22.89,98.6,-0.615199025,2.19,7527.083913,946428.5714,1600000
2018/11/1,6115,2893,431,252.038,259.439,102.63,14162.9,23,97.5,0.49664095,2.2,7236.081429,975285.7143,1692533.333
2018/12/1,6389,2931,370,251.233,260.063,102.701,14051.6,23.11,98.3,2.010689302,2.27,6814.291579,988428.5714,1761419.355
2019/1/1,6475,3123,418,251.712,260.766,102.648,14084.6,23.13,91.2,3.043564877,2.4,6979.655714,992428.5714,1784645.161
2019/2/1,6136,2812,428,252.776,261.186,102.836,14117.4,23.19,93.8,2.786396401,2.4,7430.077368,878571.4286,1801678.571
2019/3/1,6202,2810,447,254.202,261.567,103.069,14248.6,23.29,98.4,3.172241656,2.41,7629.366667,932714.2857,1772645.161
2019/4/1,5961,2765,436,255.548,261.997,103.36,14290,23.33,97.2,2.291433297,2.42,7995.063773,907428.5714,1662100
2019/5/1,5930,2680,375,256.092,262.217,103.435,14353.3,23.4,100,4.375584428,2.39,7804.820909,968714.2857,1628677.419
2019/6/1,5935,2689,415,256.143,262.739,103.484,14408.7,23.48,98.2,5.195644641,2.38,7825.459,965571.4286,1631066.667
2019/7/1,6061,2852,325,256.571,263.28,103.622,14496,23.53,98.4,5.114492882,2.4,8205.598636,922142.8571,1634161.29
2019/8/1,5945,2814,479,256.558,263.877,103.67,14558.2,23.61,89.8,5.040004818,2.13,7910.933182,936142.8571,1614903.226
2019/9/1,5753,2566,347,256.759,264.388,103.733,14590.6,23.68,93.2,1.677039072,2.04,8087.7,897714.2857,1582400
2019/10/1,5871,2751,333,257.346,264.97,103.917,14617.4,23.75,95.5,1.0066716,1.83,8079.278261,942142.8571,1624000
2019/11/1,5868,2801,301,257.208,265.548,104.024,14711,23.83,96.8,4.087317061,1.55,8517.5775,969142.8571,1691733.333
2019/12/1,5853,2750,276,256.974,266.02,104.307,14774.8,23.84,99.3,4.871123095,1.55,8778.591429,1040000,1775064.516
2020/1/1,5869,2614,334,257.971,266.716,104.419,14844.3,23.91,99.8,1.193071621,1.55,9233.359524,943428.5714,1788903.226
2020/2/1,5753,2678,420,258.678,267.37,104.541,14833.8,24.03,101,-12.03683503,1.58,9418.848947,873571.4286,1773344.828
2020/3/1,7206,4176,557,258.115,267.054,104.252,13810.5,24.13,89.1,-43.81363827,0.65,7772.205909,11971142.86,4550354.839
2020/4/1,23084,20644,568,256.389,265.746,103.817,12234.4,25.14,71.8,-73.11735921,0.05,8292.407143,18020000,18146766.67
2020/5/1,20929,18225,625,256.394,265.412,103.914,13251.7,24.98,72.3,-6.124162604,0.05,9105.6555,9094857.143,20176516.13
2020/6/1,17652,14174,675,257.797,265.849,104.233,14040.8,24.78,78.1,34.65459018,0.08,9839.97,6341571.429,17602466.67
2020/7/1,16352,12945,658,259.101,267.389,104.564,14303.8,24.69,72.5,44.71509931,0.09,10499.86273,5823285.714,16241129.03
2020/8/1,13461,10249,574,259.918,268.422,104.887,14454.9,24.8,74.1,31.8324794,0.1,11212.29048,3972000,13692548.39
2020/9/1,12554,9085,579,260.28,268.933,105.046,14675.4,24.82,80.4,10.40529403,0.09,11088.67952,3600714.286,11420966.67
2020/10/1,11072,7679,592,260.388,269.306,105.106,14726,24.84,81.8,-2.766626072,0.09,11435.23409,3528428.571,7690935.484
2020/11/1,10694,7470,650,260.229,269.981,105.225,14704.9,24.95,76.9,-4.534745674,0.09,11794.5155,3254428.571,5925633.333
2020/12/1,10770,7293,655,260.474,270.341,105.69,14827.3,25.17,80.7,3.566479927,0.09,12619.05091,3671142.857,5361225.806
2021/1/1,10236,7017,621,261.582,270.416,106.083,15081.5,25.17,79,9.063847487,0.09,13186.60579,3681428.571,4871290.323
2021/2/1,9995,6578,529,263.014,270.776,106.471,14984.4,25.26,76.8,3.401207799,0.08,13737.40368,3003000,4416964.286
2021/3/1,9756,6188,536,264.877,271.453,107.032,15712.4,25.35,84.9,12.75679715,0.07,13168.8113,2946571.429,3949741.935
2021/4/1,9762,6347,555,267.054,273.626,107.632,15915,25.51,88.3,6.019630745,0.07,13900.4381,2430571.429,3776000
2021/5/1,9266,5768,573,269.195,275.457,108.184,15950.5,25.68,82.9,3.274773612,0.06,13517.6825,2022857.143,3578064.516
2021/6/1,9462,5675,623,271.696,277.608,108.748,16183.6,25.81,85.5,2.55482523,0.08,14097.16909,1731000,3280233.333
2021/7/1,8731,5010,496,273.003,278.639,109.275,16223.5,25.96,81.2,2.728221519,0.1,14639.07286,1638000,2988709.677
2021/8/1,8276,4444,395,273.567,279.021,109.72,16390.6,26.11,70.3,3.687435766,0.09,14856.51773,1584428.571,2769290.323
2021/9/1,7652,4079,430,274.31,279.727,110.047,16477.5,26.3,72.8,6.625771298,0.08,15023.53857,1501857.143,2717700
2021/10/1,7279,3664,458,276.589,281.649,110.741,16694,26.46,71.7,10.67422198,0.08,14879.01238,1235571.429,2307129.032
2021/11/1,6751,3334,445,277.948,283.411,111.51,16849,26.56,67.4,7.589652076,0.08,15814.93286,998857.1429,1903933.333
2021/12/1,6398,3080,460,278.802,285.221,112.221,16905.5,26.76,70.6,0.199936905,0.08,15474.43182,970857.1429,1706483.871
2022/1/1,6512,3274,405,281.148,286.799,112.776,17017.8,26.91,67.2,-4.362053355,0.08,14531.3775,1053428.571,1701161.29
2022/2/1,6301,2999,393,283.716,288.256,113.489,17136.1,26.98,62.8,-2.330350576,0.08,13898.72789,881428.5714,1625107.143
2022/3/1,6014,2749,381,287.504,289.044,114.489,17371.4,27.12,59.4,0.483273621,0.2,13623.26304,950142.8571,1530580.645
2022/4/1,6002,2902,460,289.109,290.474,114.845,17493.8,27.28,65.2,0.510874741,0.33,13394.163,912428.5714,1419133.333
2022/5/1,5983,2703,397,292.296,292.039,115.542,17569.9,27.4,58.4,0.44816555,0.77,11829.72952,931714.2857,1364580.645
2022/6/1,5951,2577,381,296.311,294.009,116.631,17747.6,27.53,50,1.448590866,1.21,11418.91905,915857.1429,1369300
2022/7/1,5768,2660,430,296.276,295.08,116.662,17744,27.66,51.5,2.947534967,1.68,11622.6315,969000,1401096.774
2022/8/1,5919,2763,367,296.171,296.582,117.002,17897.5,27.74,58.2,3.795501092,2.33,12570.26043,951000,1416000
2022/9/1,5792,2530,480,296.808,298.281,117.377,17987.2,27.85,58.6,4.381550994,2.56,11402.85,849285.7143,1393666.667
2022/10/1,5964,2683,372,298.012,299.381,117.891,18096.2,28,59.9,4.082918705,3.08,10801.49429,895428.5714,1416806.452
2022/11/1,5943,2737,404,297.711,300.316,118.221,18094,28.12,56.7,1.675374386,3.78,10973.6381,904142.8571,1473433.333
2022/12/1,5766,2614,411,296.797,301.433,118.403,18134.6,28.23,59.8,1.525043663,4.1,10838.99571,920571.4286,1569290.323
2023/1/1,5747,2576,331,299.17,302.685,119.007,18475.2,28.31,64.9,5.038302217,4.33,11013.991,906142.8571,1605838.71
2023/2/1,5962,2773,361,300.84,304.097,119.401,18532.1,28.43,66.9,2.021441267,4.57,11785.07421,866000,1646000
2023/3/1,5839,2913,357,301.836,305.123,119.553,18511.3,28.59,62,0.932256891,4.65,11637.09217,1002857.143,1684935.484
2023/4/1,5751,2645,369,303.363,306.49,119.97,18638.7,28.69,63.7,2.910117998,4.83,12073.46421,928857.1429,1718166.667
2023/5/1,6089,2988,412,304.127,307.623,120.14,18676.4,28.78,59,2.876963902,5.06,12446.53045,1017714.286,1728516.129
2023/6/1,5958,2801,318,305.109,308.291,120.435,18742.1,28.89,64.2,3.417524237,5.08,13463.77762,1075000,1767300
2023/7/1,5920,2695,339,305.691,308.959,120.598,18850.5,29.02,71.5,4.828105292,5.12,14033.091,1035142.857,1782580.645
2023/8/1,6284,2943,395,307.026,309.646,120.965,18911.6,29.06,69.4,4.88357549,5.33,13743.21304,1068428.571,1809387.097
2023/9/1,6326,2878,368,307.789,310.616,121.387,19024.9,29.16,67.8,4.403796763,5.33,13585.8395,932857.1429,1798233.333
2023/10/1,6479,3086,427,307.671,311.433,121.421,19069.5,29.27,63.8,2.30712336,5.33,13199.42773,933571.4286,1812000
2023/11/1,6254,3062,428,307.051,312.373,121.415,19151,29.38,61.3,3.047751764,5.33,13913.16048,933714.2857,1805166.667
2023/12/1,6315,3073,340,306.746,313.23,121.602,19289.9,29.48,69.7,1.578013941,5.33,14690.493,911142.8571,1790903.226
2024/1/1,6149,3030,446,308.417,314.389,122.115,19308.5,29.61,79,-0.497278651,5.33,15081.38762,933857.1429,1779741.935
2024/2/1,6462,3214,423,310.326,315.555,122.494,19412.7,29.67,76.9,3.827916504,5.33,15808.935,872142.8571,1791103.448
2024/3/1,6497,3053,341,,,122.912,19553.2,,,,5.33,16216.2955,953857.1429,1795838.71
2024/4/1,6492,3225,364,,,123.234,19603.3,,,,5.33,15950.86364,908857.1429,1781966.667
2024/5/1,6635,3213,459,,,123.224,19697.3,,,,5.33,16536.31727,986142.8571,1803774.194
2024/6/1,6849,3187,369,,,123.369,19747.5,,,,5.33,17495.89158,1013428.571,1848766.667
2024/7/1,7097,3545,408,,,123.575,19866.3,,,,5.33,17963.29091,1048000,1866741.935
2024/8/1,7071,3321,373,,,123.727,19905,,,,5.33,17268.26864,1020285.714,1855096.774
2024/9/1,6901,3233,448,,,123.939,20044.1,,,,5.13,17599.23,974000,1837500
2024/10/1,6972,3363,385,,,124.265,20123.2,,,,4.83,18316.11565,1028857.143,1872193.548
2024/11/1,7121,3394,401,,,124.399,20235.1,,,,4.64,18961.3995,939142.8571,1881333.333
2024/12/1,6886,3251,480,,,124.769,20408.1,,,,4.48,19734.56381,976857.1429,1859709.677
2025/1/1,6849,3235,592,,,125.189,20351.5,,,,4.33,19565.044,956428.5714,1861645.161
2025/2/1,7052,3316,464,,,125.6,20439.3,,,,4.33,19547.28053,905714.2857,1862321.429
2025/3/1,7083,3313,509,,,,,,,,4.33,17828.02619,,
2025/4/1,,,,,,,,,,,,16541.08182,,
2025/5/1,,,,,,,,,,,,,,
2025/6/1,,,,,,,,,,,,,,
2025/7/1,,,,,,,,,,,,,,
2025/8/1,,,,,,,,,,,,,,
2025/9/1,,,,,,,,,,,,,,
2025/10/1,,,,,,,,,,,,,,
2025/11/1,,,,,,,,,,,,,,
2025/12/1,,,,,,,,,,,,,,
